No,Date,Username,Tweet
0,2022-10-03T23:49:32.000Z,"Imairmayanti
@Imairmayanti4
Â·
Oct 4, 2022","Seng ada lawan, IC memang beda, the next liburan keluarga ARSA ke Bali "
1,2022-10-03T23:36:17.000Z,"Tya
@Amaya_ky
Â·
Oct 4, 2022",Jadwal dia padat sih ya. Padahal lumayan klu dia ke bali sambil liburan
2,2022-10-03T23:26:24.000Z,"Tips Merawat Ternak
@merawatternak
Â·
Oct 4, 2022",5. Kambing ini merupakan kambing asal pulau Bali yg hambir punah.
3,2022-10-03T23:16:20.000Z,"â¸™ mas nico
@Nicoadic
Â·
Oct 4, 2022","Malu2in tuh ngaku NKRI tapi gabisa menghargai agama orang. Malu2in tuh gadaiin ahlak cuma buat rupiah ga seberapa. Malu2in tuh ngomongin alat kelamin, nghewan2in padahal pake foto profil adat bali yang sangat menghargai ciptaan Tuhan. Ngaca dulu zer"
4,2022-10-03T23:14:46.000Z,"-
@joiiiapple
Â·
Oct 4, 2022",so compant retreat pergi SG je? bosan. pergilah bali ke lol
5,2022-10-03T23:06:24.000Z,"Tips Merawat Ternak
@merawatternak
Â·
Oct 4, 2022",1. Kambing Gembrong terdapat di daerah kawasan Timur Pulau Bali terutama di Kabupaten Karangasem.
6,2022-10-03T19:17:43.000Z,"Wiarpiz
@wiar_piz
Â·
Oct 4, 2022",Pulau Dewata Bali merupakan 1 dari 10 pulau paling romantis di dunia. [majalah Travel+Leisure]
7,2022-10-03T23:06:24.000Z,"Tips Merawat Ternak
@merawatternak
Â·
Oct 4, 2022",1. Kambing Gembrong terdapat di daerah kawasan Timur Pulau Bali terutama di Kabupaten Karangasem.
8,2022-10-03T19:17:43.000Z,"Wiarpiz
@wiar_piz
Â·
Oct 4, 2022",Pulau Dewata Bali merupakan 1 dari 10 pulau paling romantis di dunia. [majalah Travel+Leisure]
9,2022-10-03T19:15:09.000Z,"YUWEN
@imyuwena
Â·
Oct 4, 2022",YoonA memilih Pulau BALI sebagai tempat bulan madunya.
10,2022-10-03T18:23:41.000Z,"Proffessor Doktor . abdul latif . M.of tech..
@abdulla71088263
Â·
Oct 4, 2022",aku juga BUPATI di pulau BALI
11,2022-10-03T17:58:49.000Z,"mÃºth
@mutheaah
Â·
Oct 4, 2022","di ajak ke jkt sm ibu. trs nolak krn doi plin plan banget  kurang lebih kyk gini 
i : jgnmi deh, lbh baik sdh pko wisuda liburan mki 1 keluarga tp kmn bagus bali/jog?
m : hmm jgn mki ksh ikutka, bwmi sj adek
i : tumben, apalg ko mau?
m : iwatch series 8-"
12,2022-10-03T17:57:07.000Z,"ursickjoke
@sayaiimm
Â·
Oct 4, 2022",bayangin aja kek kawan apa saudaramu lah pergi nnton bola bali bali wes modyar pie perasaanmu jal?
13,2022-10-03T17:16:06.000Z,"Bags
@BagusBanyol
Â·
Oct 4, 2022",siap ngayomi perempatanÂ² wis foto bali neruske le turu.
14,2022-10-03T17:14:24.000Z,"del pras
@haloyoyoy
Â·
Oct 4, 2022",Nanti kita liburan ke bali ya.. Biasanya adalah wacana yang ga pernah kesampaian.. Wkwkwk
15,2022-10-03T16:49:53.000Z,"dmrpmngks
@linguisticsenth
Â·
Oct 3, 2022","Kata gw sih dia bela belain ke Indonesia mau nyusul hyung nya di Bali 
Udah Kyu mending km sekalian liburan, dah jauh jauh ke indo tampil 7 menit doang kan mengcapek"
16,2022-10-03T16:41:00.000Z,"wiley
@taundepantinggi
Â·
Oct 3, 2022",eeh aduuhh anjing bangsat pusing bgt ini pala gua mikirin nanti liburan semester mau lgsg balik jakarta apa healing dulu ke bali yee mumpung deket sumpah bingung bgt ini hardest decision ever bantu pilih dong temen2 mana duitnya kaga ada kan jadi tambah pusing aja ini gila dah
17,2022-10-03T16:09:29.000Z,"k
@mylovexljn
Â·
Oct 3, 2022","bukan gue sihh, cuma temen gue jg pas itu ditinggal liburan ke luar kota seminggu tp beneran udh dititipin pesan â€œjgn hubungin saya dulu, sy bales setelah pulang dr baliâ€"
18,2022-10-03T16:06:06.000Z,"Bali Travego
@balitravego
Â·
Oct 3, 2022",Rental Mobil Di Bali - Paket Wisata Murah #rentalmobilbali #paketwisatabali #liburanbali #liburanbalimurah #sewamobilbali #balitravego
19,2022-10-03T16:00:35.000Z,"a word.
@elfiosay
Â·
Oct 3, 2022",teh oca tau gak donghae juga lagi di indonesia? liburan di bali dia tehhh...
20,2022-10-03T15:48:24.000Z,"Nayaa
@Bie_Nayaa
Â·
Oct 3, 2022","Bnyk bngt yg ke Bali, habis dari Thai liburan ke Bali, selagi masi di Asia sih masi bakal sering ketemu hujan, dasar"
21,2022-10-03T15:09:42.000Z,"y
@s4ncctuary
Â·
Oct 3, 2022",Kalo penempatan itu si kuliat kmrin diluar pulau sumatera sm bali ka
22,2022-10-03T14:42:39.000Z,"meth (WONPIL WHERE ARE YOU?)
@moleculeCH4
Â·
Oct 3, 2022","masama kakaa, btw itu di pantai mana kak?
masih pantai di Bali kah?"
23,2022-10-03T14:38:07.000Z,"Who Am I...?
@cornelius_eka
Â·
Oct 3, 2022",Ijin merantau ndan dari sleman ke pulau dewata... Semoga bisa dipertemukan di bali ngopi bareng rangkul bareng
24,2022-10-03T14:37:27.000Z,"Nate
@NaaaateNath
Â·
Oct 3, 2022",Om kalau liburan ke bali kabarin ya ehm meow
25,2022-10-03T14:34:48.000Z,"Edu
@edhi_shi
Â·
Oct 3, 2022","Satu kader nasdem sudah nyatakan mundur.
Sosok yg cukup populer di netizen dan dunia nyata.
Berasal dari pulau Bali.

Kemungkinan esok disusul yang lainnya."
26,2022-10-03T14:31:28.000Z,"SR12
@Rijaltobat_
Â·
Oct 3, 2022","8 tahun lalu niluh pernah fitnah saya menyalah gunakan foto dan no telp sebagai â€œjual diriâ€ dia mencari saya dari komunitas foto di bali, dan salah orang bukan saya. Saya kenal aja tidak. Udh panjang orang nya dia maki maki, mau gugat hukum, lalu hilang tanpa minta maaf. Huft "
27,2022-10-03T14:30:12.000Z,"-tegar-
@tegarkirana
Â·
Oct 3, 2022","Surabaya mana bisa sunbathing di pantai? Tau tau difoto masuk facebook.
Enak sama aku di bali "
28,2022-10-03T13:59:12.000Z,"IPAPW
@IPAPWirawan
Â·
Oct 3, 2022","Tadi sempet nemu di TL, foto pakai ipun hehe tapi twitter for android hehe"
29,2022-10-03T13:55:44.000Z,"silitherio
@aurellioo_
Â·
Oct 3, 2022",wes hop raono foto pas bali fokus jobdesk supir nyetiri juragan2 keturon solo-jogja full turu
30,2022-10-03T13:47:25.000Z,"janjann
@Choheeteuk
Â·
Oct 3, 2022","Dulu pas ke jogja juga pas ujan, sekarang ke bali juga pas ujan.. 
@AllRiseSilver
 @donghae861015
 lain kali tanya aku dulu kalo mau liburan kesini, biar gak kenak ujan mulu. Jadi asiknya berkurang kan kalo gini.."
31,2022-10-03T13:41:56.000Z,"H44
@eemarkderyy
Â·
Oct 3, 2022",Donghae ni dari bali terus pergi malaysia ke nanti ?
32,2022-10-03T13:55:44.000Z,"silitherio
@aurellioo_
Â·
Oct 3, 2022",wes hop raono foto pas bali fokus jobdesk supir nyetiri juragan2 keturon solo-jogja full turu
33,2022-10-03T13:47:25.000Z,"janjann
@Choheeteuk
Â·
Oct 3, 2022","Dulu pas ke jogja juga pas ujan, sekarang ke bali juga pas ujan.. 
@AllRiseSilver
 @donghae861015
 lain kali tanya aku dulu kalo mau liburan kesini, biar gak kenak ujan mulu. Jadi asiknya berkurang kan kalo gini.."
34,2022-10-03T13:41:56.000Z,"H44
@eemarkderyy
Â·
Oct 3, 2022",Donghae ni dari bali terus pergi malaysia ke nanti ?
35,2022-10-03T13:19:30.000Z,"Fabble
@Fabbleach
Â·
Oct 3, 2022","Ke Bali pulang pergi 600an ribu, untuk jajan, jalan jalan dan penginapan menyesuaikan aja tapi bisa kok budget 4jtan"
36,2022-10-03T13:15:49.000Z,"Rajatrip.com
@raja_trip
Â·
Oct 3, 2022","Paket Liburan ke Bali, Kuala Lumpur, Singapore, Bangkok, Hong Kong mulai dari 1,7jt/orang !! Contact Us : BBM : 746826BB"
37,2022-10-03T13:01:51.000Z,"chely wright fansite
@ao3ambot
Â·
Oct 3, 2022",Niki Indonesia Tour in January and she will visit Jakpus Jakut Jaksel Jaktim Jakbar Depok Bogor Bandung Tangerang Tangsel Banten Manado Medan Padang Palembang Balikpapan Makassar Bali BaliN2 Pulau Seribu Jogja Surabaya Malang etc
38,2022-10-03T13:01:48.000Z,"kucing Cikidang
@matsuchiee
Â·
Oct 3, 2022",Wah tari Bali...
39,2022-10-03T12:42:13.000Z,"IparnyaDonghwaî¨€
@iparnyadonghwa
Â·
Oct 3, 2022","Donghae mending buruan balik ke Korea deh, ga kuat gue banyak bgt foto video lu di Bali GANTENG BANGET "
40,2022-10-03T12:26:49.000Z,"lydia
@mlydylm
Â·
Oct 3, 2022","Dari tgl 5-8 jae bakal main2 gak ya di Jakarta, atau balik ke LA dulu  beraharapnya sih liburan ke Bali dulu bisa kali  h3h3"
41,2022-10-03T12:21:32.000Z,"Im Yoona
@The_Yoona
Â·
Oct 3, 2022",YoonA memilih Pulau BALI sebagai tempat bulan madunya. #yoona
42,2022-10-03T12:16:36.000Z,"proprioceptor
@borntosacrify
Â·
Oct 3, 2022","Sampe Bali lbh ke rebahan aja sii Kak, bukannya wisata "
43,2022-10-03T12:14:01.000Z,"Bang Diws
@wuedeww
Â·
Oct 3, 2022",ditinggal liburan ke Bali pernahnya
44,2022-10-03T11:37:48.000Z,"Imairmayanti
@Imairmayanti4
Â·
Oct 3, 2022","The next liburan ke Bali bersama ARSA ya Bu 
@asmanadia
 @MNC_Pictures"
45,2022-10-03T11:33:55.000Z,"dut
@avoberryou
Â·
Oct 3, 2022",oalaahhh semoga gak hujan terus deh biar d&e bisa nikmatin trip nya di bali huee
46,2022-10-03T11:31:45.000Z,"Rick's K
@RickyKardjono
Â·
Oct 3, 2022","Bali secara kalo di pantai pasti panas matahari, tapi adem dihati liat masyatakatnya yg penuh toleransi ya teh...kalo mau rada ademan naik ke Ubud deh..."
47,2022-10-03T11:24:49.000Z,"Clown
@kamuutuhya
Â·
Oct 3, 2022","Orang2 kok cek gampange seh perga pergi ke ln, jedal jedul ke bali"
48,2022-10-03T11:11:06.000Z,"Raisalee
@raisaaalee
Â·
Oct 3, 2022","Karena foto ini emang bukan di Bali tapi waktu liburan sama honey family ke prancis. Bisa diliat vlognya 1ldan eunhyukee 

Foto ini juga bukan foto baru tapi postingan bulan Juli lalu. Banyak yang ga perhatiin tanggalnya "
49,2022-10-03T10:14:28.000Z,"PDI Perjuangan
@PDI_Perjuangan
Â·
Oct 3, 2022","Anggota DPR RI I Nyoman Parta menyampaikan kekhususan bali sebagai daerah yang tidak memiliki sumber daya alam tetapi memiliki kekayaan budaya. Terlebih Bali dijadikan pilot proyek green provinsi, kemudian lalu apa yang bisa dibantu dan dilakukan pemerintah dalam mendukung Bali."
50,2022-10-03T10:14:28.000Z,"PDI Perjuangan
@PDI_Perjuangan
Â·
Oct 3, 2022","Harapanya RUU Provinsi Bali ini dapat disahkan di bulan Desember 2022 pada masa persidangan terakhir.

Kekhususan bali sebagai daerah yang memiliki kekayaan budaya"
51,2022-10-03T10:07:58.000Z,"å®®è„‡å’²è‰¯Â³â¹
@kkuratuy
Â·
Oct 3, 2022",Liburan dulu di bali
52,2022-10-03T10:06:32.000Z,"Krisma Turker
@krismaturker
Â·
Oct 3, 2022","Oktober - Maret kena angin muson barat, pantai sebelah barat kyk Kuta, batu bolong dll bakal banyak sampah dibawa arus dari pulau2 yang sebelah barat Bali"
53,2022-10-03T09:54:14.000Z,"âŒ•'^'
@myeontea_
Â·
Oct 3, 2022","Andai ku gayus tambunan~
Yang bisa pergi ke Bali~~
Semua keinginannya..
Pasti bisa terpenuhi~
Uwoooo~~

Cape banget jadi orang stress :)"
54,2022-10-03T09:44:38.000Z,"ai mau menang GA tds
@philiadaire
Â·
Oct 3, 2022","Kcon gamau ke Indo apa ya, minimal ke Bali deh gpp gak harus Jkt biar idol pd sambil liburan 
@KCON_official"
55,2022-10-03T09:29:23.000Z,"sasha
@smarisaa_
Â·
Oct 3, 2022",pengen banget ke pulau bali banget. tapi dibiayain tiket pesawatnya doang deh gapapa
56,2022-10-03T09:27:02.000Z,"â„‘ğ”¯ğ”¬ğ”«-ğ”…ğ”©ğ”¬ğ”¬ğ”¡ğ”¢ğ”¡ ğ”’ğ”¯ğ”­ğ”¥ğ”ğ”«ğ”° à¼’
@Reydemtion
Â·
Oct 3, 2022",Bikinin plan trip ke Bali dong
57,2022-10-03T09:54:14.000Z,"âŒ•'^'
@myeontea_
Â·
Oct 3, 2022","Andai ku gayus tambunan~
Yang bisa pergi ke Bali~~
Semua keinginannya..
Pasti bisa terpenuhi~
Uwoooo~~

Cape banget jadi orang stress :)"
58,2022-10-03T09:44:38.000Z,"ai mau menang GA tds
@philiadaire
Â·
Oct 3, 2022","Kcon gamau ke Indo apa ya, minimal ke Bali deh gpp gak harus Jkt biar idol pd sambil liburan 
@KCON_official"
59,2022-10-03T09:29:23.000Z,"sasha
@smarisaa_
Â·
Oct 3, 2022",pengen banget ke pulau bali banget. tapi dibiayain tiket pesawatnya doang deh gapapa
60,2022-10-03T09:27:02.000Z,"â„‘ğ”¯ğ”¬ğ”«-ğ”…ğ”©ğ”¬ğ”¬ğ”¡ğ”¢ğ”¡ ğ”’ğ”¯ğ”­ğ”¥ğ”ğ”«ğ”° à¼’
@Reydemtion
Â·
Oct 3, 2022",Bikinin plan trip ke Bali dong
61,2022-10-03T09:24:12.000Z,"midnight moon
@llamareu
Â·
Oct 3, 2022",PadÃ hal liburan kemaren w dah dijanjiin ke bali ternyata ga jadi njir
62,2022-10-03T09:21:20.000Z,"midnight moon
@llamareu
Â·
Oct 3, 2022",Kalo liburan mah gass w nyebrang naik kapal ke bali
63,2022-10-03T09:20:50.000Z,"å…«ç¥ã€€: Kylian ğ“œelody
@ChibiGryffgurl
Â·
Oct 3, 2022","Vei : ya Tuhanâ€¦ aku pengen liburan.

Tuhan nya : * kasih Vei audisi babak penyisihan masterchef di Bali *"
64,2022-10-03T09:19:53.000Z,"Scherazade
@ScherazadeMS
Â·
Oct 3, 2022","Ada jeda dua minggu sebelum Phillip Island, biasanya memang dipakai liburan ke Bali."
65,2022-10-03T09:13:34.000Z,"Nina ë‹ˆë‚˜
@missnheenaXO
Â·
Oct 3, 2022","Seneng banget liat Bali hampir kembali seperti semula. Waktu kesana pas pandemi sedihnya ga ketulungan. Walau sampai sekarang tetep kesel kenapa ini tempat diving dan tempat dugem isinya bule semua (berasa turis di rumah sendiri), tapi good lah. Ekonomi kembali jalan "
66,2022-10-03T08:47:17.000Z,"ãƒªã‚ºã‚­
@noveisnope
Â·
Oct 3, 2022",gatau dah ada brp pulau. google aj yhh. udh pernah ke pulau jawa paling banter cmn ke pulau bali. 
67,2022-10-03T08:24:16.000Z,"Pedagang
@kyuniewon
Â·
Oct 3, 2022",Kalau gua bilang mau trip ke bali pasti nyokap bilang ke bokap dan bokap bakal nyuruh gua ke banyuwangi dan i don't want that gua bener bener ngehindarin itu karena trauma yang gua simpen sendiri dan mereka pun engga tau tapi keknya nyokap tau sih wkwk
68,2022-10-03T08:23:12.000Z,"ars
@arsisi
Â·
Oct 3, 2022","Monmaap Lee Donghae, kalau di Bali ujan tuh mending diem di hotel aja gak usah ide mau ke pantai. Nuhun"
69,2022-10-03T08:19:03.000Z,"dut
@avoberryou
Â·
Oct 3, 2022",bali jangan ujan dong kasian anak anak aku gak bisa enjoy their trip loh :(
70,2022-10-03T08:06:24.000Z,"Raiyan A Pratama
@rynapr
Â·
Oct 3, 2022","Tadi isi solar di Salamandeg, ini nyolar lagi di Jembrana deket Gilimanuk

Wisata spbu gak hanya di Sumatera, sudah merambah Jawa dan Bali juga"
71,2022-10-03T07:27:02.000Z,"Jangdara
@Jangdaraa
Â·
Oct 3, 2022","Kalau Upin Ipin liburan ke Bali, pasti makannya nasi ayam betubetubetu!"
72,2022-10-03T07:26:07.000Z,"Nur Wachid
@wachidnur18
Â·
Oct 3, 2022",Maret-April ada apaan sih wkwk wvliat di PM Line pas liburan ke Bali & Puasa bulan itu
73,2022-10-03T07:21:19.000Z,"ğ–‹ğ–†ğ–›ğ–†ğ–˜ğ–†ğ–“ğ–ˆğ–ğ–Šğ–Ÿ
@katzmonster_
Â·
Oct 3, 2022","Paling lu di kasi poscard pulau bali, terus jojon bilang
Ini aja dlu, kebali nya nyusul "
74,2022-10-03T06:41:37.000Z,"Nurul Nadhirah
@Nadhirahvyl
Â·
Oct 3, 2022",Kenapa hotels dekat Bali ni murah sangat. Jangan sampai I renew my passport and go on a solo trip to Bali.
75,2022-10-03T06:38:02.000Z,"Qris-manto
@wahyukrsmnt
Â·
Oct 3, 2022",Absen yang kalo capek kerja lgsg kepikiran solo trip ke bali
76,2022-10-03T06:34:03.000Z,"sekali duakali
@pisan_pindo
Â·
Oct 3, 2022",Kacek iku tari tradisional Bali : Tari Kacek
77,2022-10-03T06:32:32.000Z,"cicio
@Ieehyukkie
Â·
Oct 3, 2022",gue berdoa dapet kerja deket pantai maksudnya tuh bali bukan PIK t_____t
78,2022-10-03T06:04:33.000Z,"carissa
@thv_eldiablo
Â·
Oct 3, 2022","iya dia liburan, mungkin abis dari bali baru ke aussie."
79,2022-10-03T06:03:24.000Z,"@_nrlhfd
Â·
Oct 3, 2022",kalau nak kena ikut orang baik aku pilih pergi bali je haritu
80,2022-10-03T05:42:48.000Z,"Ai-Ry//Bucin LeeHyukjae ||
@RyHyukjae
Â·
Oct 3, 2022","ini pada kenapa sih...
ngga pak bos nggak temen kantor semua pada nanya kenapa gw nggak ke bali
 
.
Hyuk aku harus jawab apa lagi..??!

even si bang toyib sampai menit ini ngetik udah lebih dari 7x  nyuruh pergi..
""km ke bali aja aku susulin daripada nyesel"""
81,2022-10-03T05:28:19.000Z,"BALI MERDEKA
@bali_merdeka
Â·
Oct 3, 2022","Apa yang terjadi pada warga Bali di pulau lain, dan minimnya perhatian pemerintah membuat Bali ingin Merdeka!"
82,2022-10-03T05:05:54.000Z,"Sekar
@chailatteeeeee
Â·
Oct 3, 2022",Orang - orang pada liburan ke bali = macet banget = pusing di jalan. Trims
83,2022-10-03T05:42:48.000Z,"Ai-Ry//Bucin LeeHyukjae ||
@RyHyukjae
Â·
Oct 3, 2022","ini pada kenapa sih...
ngga pak bos nggak temen kantor semua pada nanya kenapa gw nggak ke bali
 
.
Hyuk aku harus jawab apa lagi..??!

even si bang toyib sampai menit ini ngetik udah lebih dari 7x  nyuruh pergi..
""km ke bali aja aku susulin daripada nyesel"""
84,2022-10-03T05:28:19.000Z,"BALI MERDEKA
@bali_merdeka
Â·
Oct 3, 2022","Apa yang terjadi pada warga Bali di pulau lain, dan minimnya perhatian pemerintah membuat Bali ingin Merdeka!"
85,2022-10-03T05:05:54.000Z,"Sekar
@chailatteeeeee
Â·
Oct 3, 2022",Orang - orang pada liburan ke bali = macet banget = pusing di jalan. Trims
86,2022-10-03T04:40:31.000Z,"ValaquÃ©nta
@jnnyjazz
Â·
Oct 3, 2022","Fermin lagi di Bali, gaes

Kok sempet liburan ya?

Yg lagi underpressure mungkin mampir ke Bali juga ga?"
87,2022-10-03T04:34:07.000Z,"oomciss
@oomciss
Â·
Oct 3, 2022",kapan spbu swasta hadir di Bali?..ini pulau internesyenel loohhh..
88,2022-10-03T04:25:30.000Z,"ğ—¦ğ—”ğ—¦ğ—”.
@dearbeebae
Â·
Oct 3, 2022","""Good morning, everyone! Aku Prisca, bisa dipanggil Sasa! Nice to meet you all dan mohon bantuannya ya"" sapa sang gadis manis kelahiran Bali tersebut kepada seluruh insan yang berkumpul pada ruang foto.

 

 "
89,2022-10-03T03:54:16.000Z,"Zee
@zeetopiaa_
Â·
Oct 3, 2022","Aku ngga jadi tidur di UKS, Jake ngajak liburan ke bali  mari bolos "
90,2022-10-03T03:52:37.000Z,"TORO
@cuddlerrrrr
Â·
Oct 3, 2022","Jadi semua perjalanan ke bali itu diitungnya utang gue ke dia, semua duit yang dia keluarin jadi utang gw ke dia, lahhhh kalo tau itu bakal jadi utang, mending gausah pergi, pergi jg karena mo turutin maunya dia, gue jadi kelilit utang gini"
91,2022-10-03T03:52:32.000Z,"TORO
@cuddlerrrrr
Â·
Oct 3, 2022","Awal bulan ini gue sama cewe ini ke bali, berawal dari dia yang udah mo masuk kerja dan ngeluh ga pernah liburan, gue bilang gw ga ada duit, dia bilang aku ada 10 jt cukup ga, gue bilang ya kalo mo hemat bisa naik mobil ke bali, akhirnya prepare lah kita ke bali"
92,2022-10-03T03:47:38.000Z,"Wiarpiz
@wiar_piz
Â·
Oct 3, 2022",Pulau Dewata Bali merupakan 1 dari 10 pulau paling romantis di dunia. [majalah Travel+Leisure]
93,2022-10-03T03:47:16.000Z,"marsella
@marsellahdr
Â·
Oct 3, 2022",pantai-pantai di jpr ga kalah kok dari pantai di bali
94,2022-10-03T03:41:18.000Z,"hermansyah
@hermansltd1
Â·
Oct 3, 2022","Perhatian buat 
@PSSI
 
Jadwal ulang laga kontra Derby yg bisa memicu terjadinya keributan untuk dilakukan pertandingannya di tempat netral contoh ketika laga yg bisa memicu kerusuhan,Arema  Persib,Persija,Persebaya,diluar pulau Jawa,
Atau di Bali,bila perlu tanpa penonton"
95,2022-10-03T03:28:19.000Z,"BALI MERDEKA
@bali_merdeka
Â·
Oct 3, 2022","Biarlah Bali bukan pulau yang besar, tapi rakyat Bali selalu bersatu. Melindungi dan menjaga Bali! Merdeka!"
96,2022-10-03T03:28:16.000Z,".
@hello_Andin
Â·
Oct 3, 2022","""lu abis ke Purwokerto ke Bali lagi? Liburan mulu""
Kurang 1 huruf itu harusnya balik bukan Bali ma, apaan cuti ACC sehari doang mana bisa ke Bali
""Oalah, oke. Tadi mama abis kirim buat nok minta baju sama kerudung baru celananya abis ilang""
Wajar barang ilang mah tempat umum-"
97,2022-10-03T03:27:38.000Z,"sei
@seiroar
Â·
Oct 3, 2022",donghwa jinoo pergi bali jugak kenapa eh
98,2022-10-03T03:12:27.000Z,"Info Madura
@InfoMadura3
Â·
Oct 3, 2022","Pulau Madura besarnya kurang lebih 5.168 km2 (lebih kecil daripada pulau Bali), dengan penduduk hampir 4 juta jiwa."
99,2022-10-03T03:07:04.000Z,"Erena | Follback ya
@matchaberriy
Â·
Oct 3, 2022",Jadi inget ada yang nyari rent bf gitu buat ditemenin liburan ke bali eh malah ada ibu-ibu nawarin suaminya buat bayar cicilan Bank 
100,2022-10-03T02:59:07.000Z,"Off
@keinara888
Â·
Oct 3, 2022","Pengen ke pantai liat sunset dan laut, terakhir ke bali 3 hari mendung dan ujan terus jadi ga dapet sunset "
101,2022-10-03T02:45:20.000Z,"Eva Triana
@evaa_tri
Â·
Oct 3, 2022","4-5 tahun kemudian, untuk pertama kalinya cengkeh siap panen di pulau Bali. #HariKretek #TolakKenaikanCukaiRokok"
102,2022-10-03T02:45:13.000Z,"Eva Triana
@evaa_tri
Â·
Oct 3, 2022","Agar pertanyaan diatas terjawab, penting untuk kita mengetahui sejarah awal cengkeh di pulau Bali. #HariKretek #TolakKenaikanCukaiRokok"
103,2022-10-03T02:31:38.000Z,"Rii
@izkarhy
Â·
Oct 3, 2022","mungkin maksudnya karna di bali banyak turis, jadi berasa di luar negeri."
104,2022-10-03T02:45:20.000Z,"Eva Triana
@evaa_tri
Â·
Oct 3, 2022","4-5 tahun kemudian, untuk pertama kalinya cengkeh siap panen di pulau Bali. #HariKretek #TolakKenaikanCukaiRokok"
105,2022-10-03T02:45:13.000Z,"Eva Triana
@evaa_tri
Â·
Oct 3, 2022","Agar pertanyaan diatas terjawab, penting untuk kita mengetahui sejarah awal cengkeh di pulau Bali. #HariKretek #TolakKenaikanCukaiRokok"
106,2022-10-03T02:31:38.000Z,"Rii
@izkarhy
Â·
Oct 3, 2022","mungkin maksudnya karna di bali banyak turis, jadi berasa di luar negeri."
107,2022-10-03T02:31:14.000Z,"MengJamet
@awxytvz
Â·
Oct 3, 2022",Dari storynya kemaren udh curiga 'indo bukan sih? Bali kali ya? 'Ternyata beneran  mereka healing trip apa ada konten?
108,2022-10-03T02:14:52.000Z,"Ale.
@khaialenta
Â·
Oct 3, 2022",Liburan ke Bali dulu brarti
109,2022-10-03T02:10:03.000Z,"BALI BASE
@TimpalBali
Â·
Oct 3, 2022","/kle â€œMisalnya KTP kita bukan dari bali, apa boleh vaksin di bali? Yg tau reply yaa, soalnya mau ada perjalanan. Terima kasih â€"
110,2022-10-03T01:52:44.000Z,"Jintan Manis
@hanafy_mj
Â·
Oct 3, 2022",Apsal tiket pergi bali makin mahal ni 
111,2022-10-03T01:45:43.000Z,"KarantinaPertanianSurabaya
@Karantina_Sby
Â·
Oct 3, 2022","kami lakukan penolakan karena pemasukannya ke Pulau Jawa tidak dilengkapi dengan Sertifikat Kesehatan Hewan (KH-11) dari daerah asalnya, Bali,â€ imbuhnya."
112,2022-10-03T01:45:33.000Z,"à¼ºà¿à½½à¼µà¼†ê¦¢ê¦¶ê¦²ê¦—ê¦¼ê¦”ê¦¼ê¦©ê¦¶à¼†à¿à½½à¼µà¼»
@_diajengemy
Â·
Oct 3, 2022","Bali selalu indah dengan keramahan, budaya, dan adat istiadat nya.
Rahayu "
113,2022-10-03T01:28:17.000Z,"A Hasyim Asy ari
@hasyim_daentara
Â·
Oct 3, 2022","Pulau sumbawa juga butuh tol min, penghubung pelabuhan ferry poto tano - sumbawa barat menuju pelabuhan ferry sape - kabupaten Bima, ini akses utama dan satu-satinya, perjalanan darat menuju kawasan pariwisata super priritas labuhan bajo dari lombok, bali n jawa."
114,2022-10-03T01:12:37.000Z,"callmerio
@omgrioo
Â·
Oct 3, 2022","penyakit tiap kali mau holiday 

1. Trip ke Bajo, baru sembuh cedera lower back dan masih nyeri saat itu
2. Trip ke Bali, cedera betis yang cukup lama "
115,2022-10-03T01:11:07.000Z,"kael
@evan_mohdz
Â·
Oct 3, 2022",Tapi langkawi hujan sekarang you..1 week cukup nak pergi..bali pun okayy you
116,2022-10-03T01:10:50.000Z,"Koplakhong
@KoplakHong
Â·
Oct 3, 2022",Bilang Hong. Kalo ga nge golep di bali gosah pergi lah
117,2022-10-03T01:09:11.000Z,"putrri
@putr1_s
Â·
Oct 3, 2022","Bali memiliki situs arkeologi bersejarah mirip Petra di Jordania selatan, yaitu situs Candi Gunung Kawi."
118,2022-10-03T00:51:26.000Z,"Donalf
@DonnyAlfredo
Â·
Oct 3, 2022",AKHIRNYA TGL 7 oct BS LIBURAN KE BALI   setelah 2 THN nggak ke Bali.   Yuk ...
119,2022-10-03T00:51:06.000Z,"Harjanto Tri NaNa
@NanaTri13
Â·
Oct 3, 2022",Makasi banget yaa udah info tentang cagar budaya di Bali ... salah satu destinasi wisata yang gk boleh ketinggalan saat di Bali
120,2022-10-03T00:40:34.000Z,"Alessandra.
@_saintdra
Â·
Oct 3, 2022","â€¢ Yeah dikarenakan tiba tiba penulis ""sok sibuk"" liburan di Bali anggep aja udah kelar trus sekarang udah di Jakarta lagi. Adeuh abal. "
121,2022-10-03T00:32:43.000Z,"Ardi
@Ardianale
Â·
Oct 3, 2022",Bali itu pulau dewata. Kamu itu orang yang kuinginkan hidup bersama secara dewasa. steffizmr15
122,2022-10-03T00:15:48.000Z,"Rajatrip.com
@raja_trip
Â·
Oct 3, 2022","Paket Liburan ke Bali, Kuala Lumpur, Singapore, Bangkok, Hong Kong mulai dari 1,7jt/orang !! Contact Us : BBM : 746826BB"
123,2022-10-03T00:06:14.000Z,".
@Deillusiontime
Â·
Oct 3, 2022","Kayaknya mah eunhae ntar berangkat ke malaysia nya dari indo. Kerja dulu,syuting dulu baru deh setelah itu liburan bareng. Entah explore bali, lombok, komodo karena nampaknya jino sama big dh alias donghwa nyusul mereka. Hihihi"
124,2022-10-02T23:56:11.000Z,"Naaa HAEratna
@DHaerabin
Â·
Oct 3, 2022","Kejadian pas proses syuting analog trip terulang lagi 
Yang tadinya aku semangat dan penasaran nanti di Bali D&E ngapain dan kemana aja sekarang jadi 'oohhhhhhh gitu ya' karna banyak foto pas syuting yg di up sama fans dan ga tau fans beneran apa fans dadakan "
125,2022-10-02T23:02:48.000Z,"mira.
@haeppiess
Â·
Oct 3, 2022",Masii pagi udah liat foto donghae aja di bali. Makin seger ni mata
126,2022-10-02T22:52:38.000Z,"wtf
@unmilionamor
Â·
Oct 3, 2022",Hahaha masih banyak bgt pantai pasir hitam di Bali
127,2022-10-02T22:34:17.000Z,"gedeyasa
@sleepyboy04
Â·
Oct 3, 2022","kek supporter munyuk lah salah satu contohnya, pas bapuk ya wo dari std, raungkan glazer out, sampe mau kosongin std dan itu pun masi berlangsung sampe sekarang.
atau ga kaya decul pas protes mesi pergi, langsung demo ke kantor ownernye. kaya bali utd sekarang jg sih "
128,2022-10-03T00:06:14.000Z,".
@Deillusiontime
Â·
Oct 3, 2022","Kayaknya mah eunhae ntar berangkat ke malaysia nya dari indo. Kerja dulu,syuting dulu baru deh setelah itu liburan bareng. Entah explore bali, lombok, komodo karena nampaknya jino sama big dh alias donghwa nyusul mereka. Hihihi"
129,2022-10-02T23:56:11.000Z,"Naaa HAEratna
@DHaerabin
Â·
Oct 3, 2022","Kejadian pas proses syuting analog trip terulang lagi 
Yang tadinya aku semangat dan penasaran nanti di Bali D&E ngapain dan kemana aja sekarang jadi 'oohhhhhhh gitu ya' karna banyak foto pas syuting yg di up sama fans dan ga tau fans beneran apa fans dadakan "
130,2022-10-02T23:02:48.000Z,"mira.
@haeppiess
Â·
Oct 3, 2022",Masii pagi udah liat foto donghae aja di bali. Makin seger ni mata
131,2022-10-02T22:52:38.000Z,"wtf
@unmilionamor
Â·
Oct 3, 2022",Hahaha masih banyak bgt pantai pasir hitam di Bali
132,2022-10-02T22:34:17.000Z,"gedeyasa
@sleepyboy04
Â·
Oct 3, 2022","kek supporter munyuk lah salah satu contohnya, pas bapuk ya wo dari std, raungkan glazer out, sampe mau kosongin std dan itu pun masi berlangsung sampe sekarang.
atau ga kaya decul pas protes mesi pergi, langsung demo ke kantor ownernye. kaya bali utd sekarang jg sih "
133,2022-10-02T22:25:23.000Z,"Rain
@YecaYesungelf
Â·
Oct 3, 2022","Itu dari bu bos ku yang lagi liburan di Bali gak sengaja ketemu , awalnya dia gak tau siapa tapi katanya rame pasa ngmg Donghae "
134,2022-10-02T21:29:12.000Z,"ChulieLia ê¹€í¬ì² 
@LiaaaSrk
Â·
Oct 3, 2022",Ini si kembar ke Bali ada kerjaan apa emang pengen liburan sich ??
135,2022-10-02T17:43:51.000Z,"Andre
@Andre11723647
Â·
Oct 3, 2022","Mana yg gruduk pemain,,dri foto itu aja jelas pada adem gitu .gk ada Bali hantam...trus kenapa mesti di tembakin gas air mata...?"
136,2022-10-02T17:37:04.000Z,"Prilly
@hellomepiy
Â·
Oct 3, 2022","Seandainya duit gua gak berseri, weekend ini gua udh terbang ke bali deh buat stalk donghae, iri boss liat dia mau aja foto ama fans"
137,2022-10-02T17:30:42.000Z,"miyuâ·
@mxyxchxns
Â·
Oct 3, 2022",pergi ke bali
138,2022-10-02T17:21:31.000Z,"ã„¹ã…
@rmfly939
Â·
Oct 3, 2022","Mba gumin di bali berasa liburan banget... 

Kerja siang, pagi malem liburan yaaa.."
139,2022-10-02T17:13:20.000Z,"ë¦°ë‹¤
@kkyy2389
Â·
Oct 3, 2022",Ah ongkir  aku pinginnya dia sempetin liburan sih... ke taman safari gitu atau nyusul sekalian ke bali terus balik tgl 5 kan 
140,2022-10-02T16:49:33.000Z,"AJ
@ssupajayy
Â·
Oct 2, 2022",baik pergi bali . langkawi takda apa .
141,2022-10-02T16:20:25.000Z,"yuni
@adorablechoco_
Â·
Oct 2, 2022",punya pulau bali (?) kan itu aja yg terkenal
142,2022-10-02T16:06:07.000Z,"Bali Travego
@balitravego
Â·
Oct 2, 2022",Rental Mobil Di Bali - Paket Wisata Murah #rentalmobilbali #paketwisatabali #liburanbali #liburanbalimurah #sewamobilbali #balitravego
143,2022-10-02T15:36:45.000Z,"Tiara!
@tiara_herawati
Â·
Oct 2, 2022",takuuuut bgt tbtb dne fanmeet dadakan di bali kayak waktu analog trip jogya 
144,2022-10-02T15:25:17.000Z,"el-zamado
@Var4RR
Â·
Oct 2, 2022",wahh murah banget liburan ke Bali tapi kita harus ke masa lalu dlu
145,2022-10-02T14:54:44.000Z,"lii
@piscespy
Â·
Oct 2, 2022",Bayangin mereka berdua liburan bareng ke bali 
146,2022-10-02T14:50:08.000Z,"dini
@dinikuswandari
Â·
Oct 2, 2022","apa kamu ada rencana ke bali juga ? 
@GaemGyu
 liburan bareng sama D&E ? ada dong "
147,2022-10-02T14:39:34.000Z,"ndune ë‘” ë„¤
@ndune6364
Â·
Oct 2, 2022",Habis itu kyuhyun nyusul ke bali buat liburan biar bareng sama hyung2nya
148,2022-10-02T14:23:57.000Z,"N
@nurulazizahh
Â·
Oct 2, 2022","Tadinya mau bismillah aja, tp ngeliat pola mimik dan tidur si dedek rasanya seperti tidaqq mungkin. Yang ada w stress bgtt di bali tidak bisa menikmati suasana conference dan sedikit liburan disana.. untung awal tahun dah sempet ke bali jadi gak sedih2 bgtt "
149,2022-10-02T14:17:13.000Z,"taytayyy
@sbtmskn
Â·
Oct 2, 2022","""mas jom sido bali ra""
""mas jom digoleki ibuk""
""paaaak, aku yo isih cilik""
""le foto keluarga ning omah wae, mben dino nyawang we""
""mas jom tak andakke bu guru""
""pak aku foto ro koe wae pak""

 lehmu metu kesuen sih mas, dadi diseneni kan"
150,2022-10-02T14:14:01.000Z,"abepinna
@abepinna1
Â·
Oct 2, 2022","Setelah kemarin 
@Jonathan_Alden9
 traveling bareng  
@TSMedia_id
 ke Makassar dan Bali, berharap untuk next trip liat Alden kuliner di Medan, Pontianak, Manado bareng 
@TSMedia_id
 
#AldenDiTSUglyTruth"
151,2022-10-02T14:03:10.000Z,"aileeeeen
@torabiyka
Â·
Oct 2, 2022","Trust me, suatu hari nanti aku akan pergi ke Bali"
152,2022-10-02T13:40:07.000Z,"Pamungkas
@pamungkaas___
Â·
Oct 2, 2022","Yang pengen banget refreshing ke Bali atau pantai + pulau manapun, coba Retweet!?"
153,2022-10-02T14:17:13.000Z,"taytayyy
@sbtmskn
Â·
Oct 2, 2022","""mas jom sido bali ra""
""mas jom digoleki ibuk""
""paaaak, aku yo isih cilik""
""le foto keluarga ning omah wae, mben dino nyawang we""
""mas jom tak andakke bu guru""
""pak aku foto ro koe wae pak""

 lehmu metu kesuen sih mas, dadi diseneni kan"
154,2022-10-02T14:14:01.000Z,"abepinna
@abepinna1
Â·
Oct 2, 2022","Setelah kemarin 
@Jonathan_Alden9
 traveling bareng  
@TSMedia_id
 ke Makassar dan Bali, berharap untuk next trip liat Alden kuliner di Medan, Pontianak, Manado bareng 
@TSMedia_id
 
#AldenDiTSUglyTruth"
155,2022-10-02T14:03:10.000Z,"aileeeeen
@torabiyka
Â·
Oct 2, 2022","Trust me, suatu hari nanti aku akan pergi ke Bali"
156,2022-10-02T13:40:07.000Z,"Pamungkas
@pamungkaas___
Â·
Oct 2, 2022","Yang pengen banget refreshing ke Bali atau pantai + pulau manapun, coba Retweet!?"
157,2022-10-02T13:36:16.000Z,"SUHALIM
@Sigmahalim
Â·
Oct 2, 2022","Haha..
Kalo blora banyak wisata pasti sdh ngalahin bali atau yogyakarta. Kenyataannya jauh tertinggal. Pembangunan bandara tdk cocok utk blora dgn dasar pariwisata."
158,2022-10-02T13:29:46.000Z,"ijen
@romeo_ijen
Â·
Oct 2, 2022",Enek acara opo nang bali? Liburan opo tugas?
159,2022-10-02T12:59:10.000Z,"risa anisd
@jpn12_
Â·
Oct 2, 2022",Berbagi budaya bali
160,2022-10-02T12:51:19.000Z,"TeukkieDuck
@WhiteLilies13
Â·
Oct 2, 2022",Ini ternyata bukan cuma gue yang salah liat. Tapi emang foto Ig Donghae di Bali mirip sama Joshua Seventeen 
161,2022-10-02T12:50:17.000Z,"WÉªÉ´á´€
@kim_heechuLove
Â·
Oct 2, 2022",Pengen liburan ke bali juga :( tapi mak w udh balik clp :(
162,2022-10-02T12:46:44.000Z,"Made Galih
@mdgalihraka
Â·
Oct 2, 2022","Tadi pake T-shirt Band Metal lokal Bali 
@MCK_Bali
 , tp lupa foto 
Selamat hari t shirt band nasional"
163,2022-10-02T12:46:19.000Z,"Buddhis Garis Lucu Ofisial (gantiin centang biru)
@BuddhisGL
Â·
Oct 2, 2022","Januari 2023 bakal jadi bulan penuh  liburan di Bali.

1 Tahun Baru
3 Penampan Galungan
4 Galungan
5 Manis Galungan
13 Penampahan Kuningan
14 Kuningan
15 Manis Kuningan
20 Siwaratri
22 Imlek

Menyenangkan sekali...."
164,2022-10-02T12:44:07.000Z,"sansan
@haexianie
Â·
Oct 2, 2022","BANGEEEET. Aku pas pertama ke sini juga matanya langsung berbinar 

Di Bali kalo sama temen enaknya nyewa motor or at least pake ojol aja buat eksplor pantai bareng, karena banyak hidden gemsnya "
165,2022-10-02T12:41:37.000Z,"Cibi
@hello_cibi
Â·
Oct 2, 2022","Tapi budaya Bali yang dibawa PLUS bahasa Bali, beserta pemangku adatnya, serta urutan upacara pernikahan Bali sepertinya sudah melalui research yang baik. *please cmiiw karena aku bukan orang Bali "
166,2022-10-02T12:39:39.000Z,"Cibi
@hello_cibi
Â·
Oct 2, 2022","Penonton Indonesia ya jelas tidak bisa ""ditipu"" sama view Bali buatan.
Tapi yang di pikiranku waktu lihat bangunan sedekat itu dgn pantai: ""Ini kalo bulan purnama apa kagak banjir rob masuk?! Kalo TSUNAMI GIMANA?""
Overthinking yang tidak perlu, tapi...ya namanya juga aku"
167,2022-10-02T12:17:46.000Z,"Wiarpiz
@wiar_piz
Â·
Oct 2, 2022",Pulau Dewata Bali merupakan 1 dari 10 pulau paling romantis di dunia. [majalah Travel+Leisure]
168,2022-10-02T11:55:42.000Z,"puput alvia
@arreuvia
Â·
Oct 2, 2022","yang ditunggu vt ke bali, yang diunggah vt ke artjog  *telat!!!!!!
puput tiap ke luar kota bukannya healing malah baterai lemah. hiberanasi mulu di perjalanan gak ada simpan memori."
169,2022-10-02T11:52:54.000Z,"Wanatabalitour
@wanatabalitour
Â·
Oct 2, 2022",Thank you..ditunggu trip bali
170,2022-10-02T11:49:02.000Z,"lyd.(ia)
@unholeehyukjae
Â·
Oct 2, 2022",hyukjae.. lo foto pake kemeja putih kancing dibuka gitu.. mana lagi di Bali kan halu gue makin-makin gak ke kontrol kan 
171,2022-10-02T11:47:20.000Z,"psg boys
@matchmurdock
Â·
Oct 2, 2022","dan menurutku untuk memperkenalkan budaya bali sendiri udah pas kok proporsinya, so far film menyenangkan... ya film yg ga berat krn genrenya emang romcom trus kaget ternyata ada yg jd gabriel di emily in paris wkwkwk"
172,2022-10-02T11:41:38.000Z,"X2
@damarjati_dimas
Â·
Oct 2, 2022","Kan Bali udah ada. Di sana adalah tempat wisata, makanya bandaranya rame. Kemaren waktu MotoGP bandara Lombok jg rame, kenapa? Karena ada MotoGP. Kenapa di Blora Sepi? Karena pariwisatanya blm menonjol. Harus lebih ditingkatkan pariwisatanya agar rame."
173,2022-10-02T11:41:14.000Z,"himawan sugeha
@himawansugeha95
Â·
Oct 2, 2022","klo jalan2 di mall Jakarta, kita bakal tau mrk barusan dari manaâ€¦ 
bs tau siapa yg baru balik umrah, siapa yg baru liburan ke Bali, baru dateng dari eropa dll 
beda klo di tempat tinggal sy skrng, semua pakaian sesuai kondisi saat itu"
174,2022-10-02T11:41:14.000Z,"himawan sugeha
@himawansugeha95
Â·
Oct 2, 2022","klo jalan2 di mall Jakarta, kita bakal tau mrk barusan dari manaâ€¦ 
bs tau siapa yg baru balik umrah, siapa yg baru liburan ke Bali, baru dateng dari eropa dll 
beda klo di tempat tinggal sy skrng, semua pakaian sesuai kondisi saat itu"
175,2022-10-02T11:04:58.000Z,"Febi Cutari
@FCutari23
Â·
Oct 2, 2022",Tempat Wisata Di Bali Yang Cocok Untuk Pacaran
176,2022-10-02T10:50:04.000Z,"nÃ­skalÃ 
@jjkrn_
Â·
Oct 2, 2022","kalau nak pergi bali, try tido dkt Ubud. Ubud peaceful dan rileks sikit dari Kuta. and kalau boleh belajar borak bahasa Indonesia senang nak nego beli barang dkt sana. saaya kalau pergi bali memang auto borak kayak orang indo. sampai dorg tegur ""mba dari Jakarta ya?"""
177,2022-10-02T10:15:49.000Z,"Rajatrip.com
@raja_trip
Â·
Oct 2, 2022","Paket Liburan ke Bali, Kuala Lumpur, Singapore, Bangkok, Hong Kong mulai dari 1,7jt/orang !! Contact Us : BBM : 746826BB"
178,2022-10-02T10:11:22.000Z,"AidilJumadi
@AidilJumadi
Â·
Oct 2, 2022",Pulau Bali dan Lombok masuk ke dalam daftar 10 pulau teratas di Asia berdasarkan Traveler's Choice Award.
179,2022-10-02T09:56:04.000Z,"journalnyasari
@dyanayaja
Â·
Oct 2, 2022",Kalo sesuai rencana pasti ini lg d bali sama DnE   selalu cancel mulu rencana liburan gue
180,2022-10-02T09:53:05.000Z,"chickenjpg
@secretchnsfy
Â·
Oct 2, 2022","rasanya kaya gue pengen nangis aja gue ke bali dengan rasa bersalah:(kek lagi ekonomi dibawah""nya nyokap bokap sakit gue malah liburan kek ANJG INI GAMAU IKUT TP MALAH KEK GIMI AJG"
181,2022-10-02T09:35:01.000Z,"Lagi off, be right back
@BACODBASE
Â·
Oct 2, 2022",bacod! Ada yg dom bali ga? Mau nyobain ke pantai malem malem? Duduk sambil ngobrol aja gausa aneh aneh. M21
182,2022-10-02T09:30:27.000Z,"pemburuan
@pemburuan6
Â·
Oct 2, 2022","Selamat Sore  Kepulauan Seribu,
Jauh-jauh beli buah mengkudu
beli mengkudu di pulau bali
mendengar suaramu yang merdu
ingin hati mantan kembali

Kode Referral SeaBank : FBDBCA

à¹€à¸›à¹‡à¸™à¸«à¹ˆà¸§à¸‡à¸™à¸°à¸‡à¸±à¸š"
183,2022-10-02T09:27:11.000Z,"Isti Qomah
@IstiqomahIq923
Â·
Oct 2, 2022","Q dl pcran dah mau 2th pas wisata ke bali bareng2 dia gak trima krena q ngobrol2 sm tmenku yg pain terus pdhal cewe2, saat itu q dtendang, didorong, djambak, dicekik untg ada tmen2 yg pd nopong aq.. sejak itu bnyk guru2 yg tau dan ngasih tau q, klo nyari laki jgn yg gampang main"
184,2022-10-02T09:15:13.000Z,"pemburuan
@pemburuan6
Â·
Oct 2, 2022","Selamat Sore  Malang ,
Jauh-jauh beli buah mengkudu
beli mengkudu di pulau bali
mendengar suaramu yang merdu
ingin hati mantan kembali

Kode Referral Shopee : ISIPU223

KeseruanGanjarFestival"
185,2022-10-02T08:44:39.000Z,"MpuJayaPrema-á¬«á­„á¬§á¬¸á¬šá¬¬á­¢á¬§á­„á¬­á¬«
@mpujayaprema
Â·
Oct 2, 2022",Setuju FIFA menghukum PSSI dgn menonaktifkan sepakbola. Tapi di provinsi yg aman2 suporternya -- kalah dan menang tak ngamuk karena hal biasa -- dikecualikan dari hukuman. Curacao kan negara pulau kecil sepakbolanya bisa maju. Bali mungkin bisa meniru Curacao.
186,2022-10-02T08:41:48.000Z,"ğµğ‘’ğ“ğ“ğ’¶
@Nubla_Nabilaa
Â·
Oct 2, 2022","Meme and anna bile tu nak pegi liburan ke bali?
Jomlah secepatnye "
187,2022-10-02T08:36:32.000Z,"Deals09
@Deals091
Â·
Oct 2, 2022",Papii mamii jom pergi Bali!!!
188,2022-10-02T08:23:14.000Z,"Putu Anna Oktaviana
@annaalogy
Â·
Oct 2, 2022","Momen yg paling aku suka itu waktu nyepi. Nginep di bali beach pas dpt kamar depan pantai. Pas nyepi sorenya tu iseng keluar. Langit di pantai tu gelap2 kelabu gt, trus ga ada suara kecuali ombak aja. Omg agak angker emang tapi eyegasm bgt, aku berani kok disuruh duduk sendirian."
189,2022-10-02T08:15:15.000Z,"pemburuan
@pemburuan6
Â·
Oct 2, 2022","Selamat Sore  Paniai ,
Jauh-jauh beli buah mengkudu
beli mengkudu di pulau bali
mendengar suaramu yang merdu
ingin hati mantan kembali

Kode Referral Shopee : ISIPU223

aremania"
190,2022-10-02T08:03:42.000Z,"1'ã„·' Fie
@EMASTROLENCE
Â·
Oct 2, 2022",jadi pengen liburan ke bali lagi 
191,2022-10-02T08:02:23.000Z,"Ê³ áµƒ áµƒ áµƒ
@aaarnoeyh
Â·
Oct 2, 2022",Eunhae di bali SATU PULAU SM AING PLS
192,2022-10-02T07:33:43.000Z,"Naya
@naneunnaya00
Â·
Oct 2, 2022","Aku kaget ya bangun2 lgsg liat ayang udah di bali 
Aku kan liat foto mreka di bandara tp ga kepikiran klo mereka berdua tuh ke bali"
193,2022-10-02T07:29:25.000Z,"minn| EXO-L CARAT
@PenYourDream
Â·
Oct 2, 2022",Nie yang lagi liburan ke bali apa ngga misuh ya hujan mulu soalnya 
194,2022-10-02T07:13:38.000Z,"Agus Punjabi
@Rumput_Gersang
Â·
Oct 2, 2022",Foto geg oman bali
195,2022-10-02T06:54:53.000Z,"Inda Oktavia
@indaoktaaa
Â·
Oct 2, 2022",Barusan ngitungin 5 hari di Bali menghasilkan 400biji foto 
196,2022-10-02T06:45:17.000Z,"ìœ ë‹ˆ
@eunhaeyeaah
Â·
Oct 2, 2022","beneran seneng banget akhirnya eunhae bisa ke bali, liburan (sambil kerja teteup) dan ga cuma sekedar transit doang kyk waktu itu huhu  karena mereka waktu intvw pernah bilang pengen bgt ke bali kan.. akhirnya kesampean ya ceuuu turut berbahagia "
197,2022-10-02T07:33:43.000Z,"Naya
@naneunnaya00
Â·
Oct 2, 2022","Aku kaget ya bangun2 lgsg liat ayang udah di bali 
Aku kan liat foto mreka di bandara tp ga kepikiran klo mereka berdua tuh ke bali"
198,2022-10-02T07:29:25.000Z,"minn| EXO-L CARAT
@PenYourDream
Â·
Oct 2, 2022",Nie yang lagi liburan ke bali apa ngga misuh ya hujan mulu soalnya 
199,2022-10-02T07:13:38.000Z,"Agus Punjabi
@Rumput_Gersang
Â·
Oct 2, 2022",Foto geg oman bali
200,2022-10-02T06:54:53.000Z,"Inda Oktavia
@indaoktaaa
Â·
Oct 2, 2022",Barusan ngitungin 5 hari di Bali menghasilkan 400biji foto 
201,2022-10-02T06:45:17.000Z,"ìœ ë‹ˆ
@eunhaeyeaah
Â·
Oct 2, 2022","beneran seneng banget akhirnya eunhae bisa ke bali, liburan (sambil kerja teteup) dan ga cuma sekedar transit doang kyk waktu itu huhu  karena mereka waktu intvw pernah bilang pengen bgt ke bali kan.. akhirnya kesampean ya ceuuu turut berbahagia "
202,2022-10-02T06:40:03.000Z,"ì•ˆë…•
@HaluwElf
Â·
Oct 2, 2022","Baru ingat. Kl gak salah Hyuk udah lama pengen liburan ke Bali.
Have fun yaa ayang2 semua, walaupun sambil kerja jg sih "
203,2022-10-02T06:29:35.000Z,"siapa ya
@indominpriv
Â·
Oct 2, 2022",Ke lampung donggg sinii banyak pantai yg baguss baguss ga kalah dari bali
204,2022-10-02T06:29:00.000Z,"Diiiiitttt...
@BandengBalap046
Â·
Oct 2, 2022","Iya teh tapi jangan dilihat dari sudut pandang di kanjuruhan aja,dilain daerah ternyata masih aman2 saja mereka menikmati pertandingan dg suka cita,bahkan di bali pun sudah jadi wisata."
205,2022-10-02T06:28:38.000Z,"Dinda/slow
@deardindays
Â·
Oct 2, 2022",Mending menangisi Donghae sama Eunhyuk yg lagi liburan di Bali 
206,2022-10-02T06:20:31.000Z,"Pia
@phdnt
Â·
Oct 2, 2022",Wkwkwk smg next Bali trip kita dah ga se struggling itu lol
207,2022-10-02T06:16:53.000Z,"Del
@hyukssii
Â·
Oct 2, 2022",Alhamdullilah abis ini pas ke bali bisa foto kembaran tempat kek eunhae *kecuali di tempst mereka nginep
208,2022-10-02T06:11:07.000Z,"Ti_Ê• â€“ _ â€“ Ê”
@pratiwi_1210
Â·
Oct 2, 2022","Kemarin aku bayanginnya di Bali aja biar anak-anak sekalian pada liburan 

Tp mending tendoor gak sih??"
209,2022-10-02T06:10:24.000Z,"Glen Fadersaer
@lubead
Â·
Oct 2, 2022","dulu pas awal mulai kerja tahun 2013, punya mimpi sebelum umur 25 pengen bisa liburan ke Labuan Bajo

sekarang udah 30 tahun, udah liburan dari pulau Jawa, Bali, Lombok, & yg terakhir kemaren ke Sumbawa

mungkin ini yg namanya ""mencicil mimpi"""
210,2022-10-02T06:09:09.000Z,"Fardah | elf follback
@FardahEtsa
Â·
Oct 2, 2022","Gak tau, dr foto & video yg beredar mrk kayak lg syuting gitu di bali. Tapi gak tau syuting apaan"
211,2022-10-02T06:05:11.000Z,"ğ’ğ€ğŒ.
@sarchotics
Â·
Oct 2, 2022","RANDOM BANGET BUSET KENAPA GAK LANGSUNG 

Mungkin denger kata om siwon kalau liburan di bali enak ya, jadi pergi mereka selepas nyampe di korea.."
212,2022-10-02T06:03:37.000Z,"SER | ğ—ğ—¬ğ—¨ğ—›ğ—¬ğ—¨ğ—¡ â—¡Ìˆ
@Baby_Kyukyute
Â·
Oct 2, 2022","Ganteng yak, berangkatnya semangat. Sekalian lah liburan ke bali juga "
213,2022-10-02T05:56:43.000Z,"åŒ—bei akutami gege hater
@brzeenska
Â·
Oct 2, 2022",WKWKKWKWKK kita kapan bisa liburan ke bali
214,2022-10-02T05:55:58.000Z,"kiciw
@orionneth
Â·
Oct 2, 2022","tapi skenarionya liat tabungan ameh orang mikir, driver gojek juga bisa liburan ke bali"
215,2022-10-02T05:55:38.000Z,"â—â€»hand_satanizerâ€»â—
@nincompoof_
Â·
Oct 2, 2022","Culture shock di bali, pergi ke hall yang buka sampe jam 8 pagi. Pulang jam 6 pagi, jam 7 pagi sampe kapal langsung kerja. Gilaaaaaaaaa, it's the nice way to ngancurin badan"
216,2022-10-02T05:29:48.000Z,"sarah â—¡Ìˆ
@forseonhohada
Â·
Oct 2, 2022","Cie donghae di Bali. Jadi pengen trip ke Bali lagi
Ntar deh tiket masih mahal"
217,2022-10-02T05:29:29.000Z,"Komnas H&M
@powhyan
Â·
Oct 2, 2022",Mantaapp selamat liburan di Bali.
218,2022-10-02T05:23:39.000Z,"Yanghwa
@Areej_Lest
Â·
Oct 2, 2022",Kok gtu ya  apa krna bali destinasi wisata?
219,2022-10-02T05:01:29.000Z,"Gilang C. Ramadhan
@GilangGee
Â·
Oct 2, 2022",Trus di tiktok bumped into video cewe cowo ke pantai tegal wangi bali yg udh tutup buat umum tapi niatin sampe manjat2 tembok cuma buat bikin konten di pantai itu
220,2022-10-02T04:46:05.000Z,"J.Aliyah
@hannajoe20
Â·
Oct 2, 2022",Tapi itu aku beli pas liburan di Bali
221,2022-10-02T05:29:29.000Z,"Komnas H&M
@powhyan
Â·
Oct 2, 2022",Mantaapp selamat liburan di Bali.
222,2022-10-02T05:23:39.000Z,"Yanghwa
@Areej_Lest
Â·
Oct 2, 2022",Kok gtu ya  apa krna bali destinasi wisata?
223,2022-10-02T05:01:29.000Z,"Gilang C. Ramadhan
@GilangGee
Â·
Oct 2, 2022",Trus di tiktok bumped into video cewe cowo ke pantai tegal wangi bali yg udh tutup buat umum tapi niatin sampe manjat2 tembok cuma buat bikin konten di pantai itu
224,2022-10-02T04:46:05.000Z,"J.Aliyah
@hannajoe20
Â·
Oct 2, 2022",Tapi itu aku beli pas liburan di Bali
225,2022-10-02T04:44:31.000Z,"EmakNano
@embahmaryani88
Â·
Oct 2, 2022","Ada 3 VARIAN
(Bright Gas Can 200 gram,5,5 KG Dan 12 KG)
#BrightGasBerkualitas
 ujung timur pulau Jawa Kota Banyuwangi 
 menyeberang sedikit sampai Pulau Bali
 Terima kasih untuk pengabdian selama ini 
 dalam berjuang bersama membangun Negeri"
226,2022-10-02T04:41:19.000Z,"rarah
@byrrararah
Â·
Oct 2, 2022",wkwk apalg ini bali kak krj sambil liburan sabi lah
227,2022-10-02T04:32:16.000Z,"AUTHOR ERA!!!!
@freanssie
Â·
Oct 2, 2022","Asahi dan Bali itu satu jiwa, jiwa seni yang tidak terikat dengan apapun. Jiwa yang bebas seperti pantai, jiwa yang menyegarkan bak laut."
228,2022-10-02T04:28:44.000Z,"annisa Â¯â—¡Â¯
@kyuhaesthetic
Â·
Oct 2, 2022",happy birthday kak ninaaa!! enjoy liburan di bali semoga ketemu donghae hyukjaeeeee 
229,2022-10-02T04:18:38.000Z,"â€¢Advenâ€¢
@Donghaeprince_
Â·
Oct 2, 2022","Desember natal kmungkinan liburan di bali jga, knapa gak desember aja sih donghae, biar kmungkinan bisa ketemu  
@donghae861015"
230,2022-10-02T04:12:47.000Z,"kangen satoru
@ishipgofushi
Â·
Oct 2, 2022","Terakhir ke Bali bulan Januari, waktu itu nginep di Conrad karena ada undangan dari kantor pusat a.k.a dibayarin full akomodasinya. 

Kali ini nggak semevvah Conrad tapi udah sama-sama 
Cek foto fotonya di gugel juga mantap banget.
Mari kita hanimunkan Gofushi "
231,2022-10-02T04:09:23.000Z,"EmakNano
@embahmaryani88
Â·
Oct 2, 2022"," dan 
#AktivitasTanpaBatas 
#InternetnyaIndonesia 
@KapoorTulis
 
@KiJokoPinterr
 

 ujung timur pulau Jawa Kota Banyuwangi 
 menyeberang sedikit sampai Pulau Bali
 Terima kasih 
@indizenborneo
  untuk pengabdian selama ini 
 dalam berjuang bersama membangun Negeri"
232,2022-10-02T04:03:43.000Z,"ismay
@kwontaeger
Â·
Oct 2, 2022",ternyata keluarganya sebong beneran pada liburan ke bali ya?
233,2022-10-02T03:53:32.000Z,"nrlsyfqhâ™¡
@nrlsyfqh_21
Â·
Oct 2, 2022",Pergi bali xnak. Pergi korea lagi lah xnak. Boringnyaaaaaaaaaaaaaaaaaaaaaaaaaaaa lifeless
234,2022-10-02T03:51:00.000Z,"Askrlfess
@Askrlfess
Â·
Oct 2, 2022",[askrl] liburan ke Bali bertiga selama 4 hari kira2 bakal abis berapa ya?
235,2022-10-02T03:32:44.000Z,"celyn â€¢ semi-ia
@xdjside
Â·
Oct 2, 2022",kangen pantai tapi pengennya ke bali 
236,2022-10-02T03:18:36.000Z,"cintahujan
@chariseyeol
Â·
Oct 2, 2022",Bismillah ngajak bapak ibuk liburan ke bali
237,2022-10-02T03:15:12.000Z,"YUWEN
@imyuwena
Â·
Oct 2, 2022",YoonA memilih Pulau BALI sebagai tempat bulan madunya.
238,2022-10-02T03:05:01.000Z,"b u n g a
@dayakayy
Â·
Oct 2, 2022","vietnam : idk why tapi not recommended la & tak berbaloi. better lagi pergi jalan-jalan dekat genting highlands. kalau minat environment bertemakan alam, bali, Indonesia is the best "
239,2022-10-02T03:00:29.000Z,"pemburuan
@pemburuan6
Â·
Oct 2, 2022","Selamat Pagi Cimahi ,
Jauh-jauh beli buah mengkudu
beli mengkudu di pulau bali
mendengar suaramu yang merdu
ingin hati mantan kembali

Kode Referral Shopee : ISIPU223

ShanDay"
240,2022-10-02T02:59:33.000Z,"Nie!
@Rins0901
Â·
Oct 2, 2022",Eunhyuk yg ngespill ke bali tapi ga bisa ditemuin di bandara karena pake emergency exit. Orang mah ga ngespill nginep dimana tapi donghae ngepost foto salah satu hotel terkenal dan jadi langganan anak sm selama di bali. Kalian itu maunya apa? Kesel banget gw...
241,2022-10-02T02:50:00.000Z,"your
@vdeakk
Â·
Oct 2, 2022",Mimpi liburan ke Bali bareng temen2 yg kemarin ke Jogja trs sunsetan bareng.
242,2022-10-02T02:09:11.000Z,"putrri
@putr1_s
Â·
Oct 2, 2022","Bali memiliki situs arkeologi bersejarah mirip Petra di Jordania selatan, yaitu situs Candi Gunung Kawi."
243,2022-10-02T02:04:54.000Z,"Maria Olfriska Purba
@OlfriskaPurba
Â·
Oct 2, 2022",Wisata ke bali aja sistaahhh
244,2022-10-02T02:09:11.000Z,"putrri
@putr1_s
Â·
Oct 2, 2022","Bali memiliki situs arkeologi bersejarah mirip Petra di Jordania selatan, yaitu situs Candi Gunung Kawi."
245,2022-10-02T02:04:54.000Z,"Maria Olfriska Purba
@OlfriskaPurba
Â·
Oct 2, 2022",Wisata ke bali aja sistaahhh
246,2022-10-02T02:02:49.000Z,"bengbengtut
@firafian
Â·
Oct 2, 2022",sudah oktober bau bau pulau bali tapi gatau jadi ikut apa enggak 
247,2022-10-02T01:57:53.000Z,"Revan.
@Refillgun
Â·
Oct 2, 2022",pagi pagi gini mah enaknya ke pantai di bali ya ga si
248,2022-10-02T01:51:38.000Z,"Im Yoona
@The_Yoona
Â·
Oct 2, 2022",YoonA memilih Pulau BALI sebagai tempat bulan madunya. #yoona
249,2022-10-02T01:38:48.000Z,"Karissa
@bucyiin
Â·
Oct 2, 2022","ã…¤ã…¤ã…¤ã…¤
ã…¤ã…¤ã…¤ã…¤
Tak seperti hari biasanya, kediaman keluarga besar Helios mengalami sedikit kekacauan. Bagaimana tidak? Hari ini keluarga besar itu akan pergi ke Bali. Lantaran kedatangan Lola dan Lolo* yang berasal dari Filipina.
ã…¤ã…¤ã…¤ã…¤
ã…¤ã…¤ã…¤ã…¤"
250,2022-10-02T01:09:37.000Z,"kepompong
@AjengLinaJolie
Â·
Oct 2, 2022",Kebangun pas lagi mimpinya liburan ke Bali
251,2022-10-02T01:08:51.000Z,"@AthayangSJ
Â·
Oct 2, 2022","Yang ke rctinya maksudnya, dibilanginnya cuma satu member doang. Kemarin pas DnE ke Bali sempet mikir apa ternyata unit, jadi mereka mampir kesana dulu liburan baru nanti ke Jakarta untuk kerja. Eh gataunya Kyu 
Boleh kali ya abis Kyu kerja nyusul DnE ke Bali, liburan bertiga~"
252,2022-10-02T01:00:30.000Z,"pemburuan
@pemburuan6
Â·
Oct 2, 2022","Selamat Pagi Bengkulu Utara,
Jauh-jauh beli buah mengkudu
beli mengkudu di pulau bali
mendengar suaramu yang merdu
ingin hati mantan kembali

Butuh Kode Referral Shopee? Gunakan kode : ISIPU223

PSSI"
253,2022-10-02T00:56:34.000Z,"Faa.hye
@faakookies
Â·
Oct 2, 2022","KETAWA BANGET AYAH FIDEL TRNYTA DINAS DI BALI, JAHAHA GPP NA PALING NTAR GA DIKASIH LIBURAN LAGI "
254,2022-10-02T00:50:41.000Z,"Gita
@pemuja_semesta
Â·
Oct 2, 2022",Wkwkwkwk nanti aku liburan main ke bali deh 
255,2022-10-02T00:30:51.000Z,"Nana Forger
@aunawaitu
Â·
Oct 2, 2022","Jan : magang di smg
Feb : trip to Bali; hbis itu tipes
Mar : ke smg bertiga sm adek"" w ada acara dr keluarga alm bpk; potong rambut tp kata tmn"" aku jd kristenable bgt. 
Apr : puasaa, bukber ama tmn""  
May : ibu sakit pas di jkt dan aku hrus jemput beliau ke sana"
256,2022-10-02T00:29:12.000Z,"lulus, wisuda 2023
@rahmzhd
Â·
Oct 2, 2022","Pernah ikut ibu liburan berdua ke bali, alhasil selama liburan isinya  alias tukarannn tokk."
257,2022-10-02T00:07:56.000Z,"tiara.
@yaelahbraaay
Â·
Oct 2, 2022",iKON apa nda liburan duls ke Bali 
258,2022-10-01T23:41:23.000Z,"ROM
@alvaromano
Â·
Oct 2, 2022","Jadi agak males muterin renon kalo minggu pgi itu ada dan parkirnya jauh banget. Apa ke Lumintang aja kali ya gue. Atau ke pantai aja Sanur, atau ke Ubud aja yuk Canggu jg bs. Enaknya urip ning Bali ya kemana2 tinggal satset2.

Pdhl gue ujung2e mager wkwk."
259,2022-10-01T23:12:39.000Z,"ğ‚´phil-boo
@kwanbboo
Â·
Oct 2, 2022",emang orang kaya si josh yak cancel trip trus langsung book trip ke negara lain. kenapa ga bali beb
260,2022-10-01T22:46:44.000Z,"X Z
@JillValentinexz
Â·
Oct 2, 2022",Lg di bali nih liburan. Boleh bagi info? Dia tour guide kah
261,2022-10-01T22:43:43.000Z,"Aspalatos
@NurAlviLailatur
Â·
Oct 2, 2022",Iya ya.  Sering nemuin tmen2 storinya liburan ke bali sama pacarnya. Trus stori hotelnya. Tak tanyain katanya beda room sama pacarnya. Dikira aku percaya gitu  org kalo foto nmpel bangeet nget.
262,2022-10-01T22:38:54.000Z,"Ulvatus
@Ulvatus1
Â·
Oct 2, 2022",Mau suudzon sama mnc. Kalau enggak ada pada mau cuti liburan ke bali g bakalan tuh kita liat keluarga 3A. Pasti reyna mulu yg di bahas. Askara di pinggir in dengan alasan susah take sama anak kecil. Hahajha
263,2022-10-01T22:15:48.000Z,"Rajatrip.com
@raja_trip
Â·
Oct 2, 2022","Paket Liburan ke Bali, Kuala Lumpur, Singapore, Bangkok, Hong Kong mulai dari 1,7jt/orang !! Contact Us : BBM : 746826BB"
264,2022-10-01T22:11:20.000Z,"Novi Afif
@noviiafif
Â·
Oct 2, 2022","Selamat ulang tahun Mbak Hana 
Finally, family trip ke Bali yaa "
265,2022-10-01T22:03:31.000Z,"ğ™½ğšŠğš—ğšğš’ğšğšğš˜
@DittoRadhitya
Â·
Oct 2, 2022","iya kadang mikir kek gini sama temen2 yg liburan entah ke Jogja/Bali berdua
hello kalian belum suami-istri masak iya kalian nginep sewa 2 kamar, ini honeymoon atau belajar honeymoon sih? (â ï½¥â oâ ï½¥â ;â )â "
266,2022-10-01T22:03:28.000Z,"can
@dlbch
Â·
Oct 2, 2022","Foto story ig donghae, itu bali kan ya? 
Modelan gazebo, kolam renang, ditambah view langit"
267,2022-10-01T22:38:54.000Z,"Ulvatus
@Ulvatus1
Â·
Oct 2, 2022",Mau suudzon sama mnc. Kalau enggak ada pada mau cuti liburan ke bali g bakalan tuh kita liat keluarga 3A. Pasti reyna mulu yg di bahas. Askara di pinggir in dengan alasan susah take sama anak kecil. Hahajha
268,2022-10-01T22:15:48.000Z,"Rajatrip.com
@raja_trip
Â·
Oct 2, 2022","Paket Liburan ke Bali, Kuala Lumpur, Singapore, Bangkok, Hong Kong mulai dari 1,7jt/orang !! Contact Us : BBM : 746826BB"
269,2022-10-01T22:11:20.000Z,"Novi Afif
@noviiafif
Â·
Oct 2, 2022","Selamat ulang tahun Mbak Hana 
Finally, family trip ke Bali yaa "
270,2022-10-01T22:03:31.000Z,"ğ™½ğšŠğš—ğšğš’ğšğšğš˜
@DittoRadhitya
Â·
Oct 2, 2022","iya kadang mikir kek gini sama temen2 yg liburan entah ke Jogja/Bali berdua
hello kalian belum suami-istri masak iya kalian nginep sewa 2 kamar, ini honeymoon atau belajar honeymoon sih? (â ï½¥â oâ ï½¥â ;â )â "
271,2022-10-01T22:03:28.000Z,"can
@dlbch
Â·
Oct 2, 2022","Foto story ig donghae, itu bali kan ya? 
Modelan gazebo, kolam renang, ditambah view langit"
272,2022-10-01T21:33:13.000Z,"DÌ†ÌˆIÌ†ÌˆNÌ†ÌˆAÌ†Ìˆâ™¡ | REST
@sjyself
Â·
Oct 2, 2022",Nunggu Donghae foto bareng Eunhyuk di Bali
273,2022-10-01T21:14:29.000Z,"Vinda Hariviandita
@Vindahrv_
Â·
Oct 2, 2022","Oohhh yang Suju bilang, ""kami sebentar lagi kesini"" tuh adalah Kyuhyun jadi guest star di Indonesia Got Talent trus Donghae sama Eunhyuk liburan ke Bali. Wkwkwkwk hadah hadah. "
274,2022-10-01T21:03:46.000Z,"Didit Nurzaman
@didit_jambrong
Â·
Oct 2, 2022","Ke Bali liburan 
Ke Bali kerja 
Ke Bali nenangin diri dari pada gabut "
275,2022-10-01T20:47:37.000Z,"Wiarpiz
@wiar_piz
Â·
Oct 2, 2022",Pulau Dewata Bali merupakan 1 dari 10 pulau paling romantis di dunia. [majalah Travel+Leisure]
276,2022-10-01T20:42:11.000Z,"A
@muhdadam___
Â·
Oct 2, 2022",pergi bali je tak boleh post story hahahaah
277,2022-10-01T19:46:26.000Z,"Tiyaa
@camarsenjaaa2
Â·
Oct 2, 2022",Donghae sama eunhyuk di bali bikin konten anniv d&e kali ya? Atau mungkin super trip goes to bali 
278,2022-10-01T17:58:06.000Z,"LOEY
@PochiYuna
Â·
Oct 2, 2022",Owalah.. ku pikir yg pergi ke bali mba MUA doang taunya Donghae & Eunhyuk kebali juga toh wkwkwkwk
279,2022-10-01T17:53:18.000Z,"kecoagoreng
@pohontoge92
Â·
Oct 2, 2022",Udah jauh2 dari jkt ke bali.. masih aja nangisin orang yang udah pergi dan ninggalin
280,2022-10-01T17:35:25.000Z,"Jaya Abadi
@JayaAbadi2003
Â·
Oct 2, 2022","Jangan pukul rata Supporter kaya gini cuma ada di jawa aja kebanyakan, di bali ataupun kalimantan tertib banget. Soalnya budaya mereka di jawa itu bawa harga diri suatu kota di klubnya"
281,2022-10-01T17:33:30.000Z,"Hanifah
@pitnour
Â·
Oct 2, 2022","POV mau liburan

Temenku ngajakin kÃ© bali.
Brp budget?
Kalkulasi 600-700 sih, backpacker.
Kalo gitu aku mauu
.
.
Ga ngajak elu btw "
282,2022-10-01T17:32:20.000Z,"Jaya Abadi
@JayaAbadi2003
Â·
Oct 2, 2022","Supporter di jawa aja kebanyakan, di bali ataupun kalimantan tertib banget. Soalnya budaya mereka di jawa itu bawa harga diri suatu kota di klubnya"
283,2022-10-01T17:06:46.000Z,"ğŸ„¶ğŸ„´ğŸ„¼ğŸ„±ğŸ„´ğŸ„» ğŸ„¼ğŸ„¾ğŸ…ƒğŸ…ğŸ„´ğŸ…ƒ
@gembel_motret
Â·
Oct 2, 2022","hla au bola bali dieng/wonosobo malah blas drung tau neng ratapan angin om

au wingi ming neng kali kajar, sekitar tieng, ro candi setyaki
baline mlipir jmbatan sigandul"
284,2022-10-01T17:05:04.000Z,"BALI BASE
@TimpalBali
Â·
Oct 2, 2022","/kle foto apapun asalkan bali dong ton, kangen banget sama kampung"
285,2022-10-01T16:58:41.000Z,"-
@elll997
Â·
Oct 1, 2022",trip bali lagi when?
286,2022-10-01T16:39:09.000Z,"KÉªsÊœÉªá´‹á´€.
@yazhica
Â·
Oct 1, 2022","ã…¤
Itu waktu jalan-jalan ke Bali, foto lama. Aku juga sudah lama tidak ke pantai, rencananya akhir tahun ini mau ke Sumba sama teman-teman.
ã…¤"
287,2022-10-01T16:34:59.000Z,"Neha Rao
@notneharaoo
Â·
Oct 1, 2022",Ek fancy Bali trip mai bhi deserve karti hoon.
288,2022-10-01T16:33:17.000Z,"Seputar Infoo
@SeputarInfoo
Â·
Oct 1, 2022","Pada 29 Juni 2012, UNESCO akhirnya mensahkan budaya Subak dari Bali sebagai bagian dari warisan dunia."
289,2022-10-01T16:14:55.000Z,"@prodiastri
Â·
Oct 1, 2022",nonton ticket to paradise berasa dibawa liburan nang bali
290,2022-10-01T16:12:10.000Z,"Êšâ™¡É ğš”ğš’ğš”ğš¢
@swankyeol
Â·
Oct 1, 2022","kagaakkk

mereka ngapain di bali? emg liburan atau syuting produk? atau mau cb :("
291,2022-10-01T16:06:05.000Z,"Bali Travego
@balitravego
Â·
Oct 1, 2022",Rental Mobil Di Bali - Paket Wisata Murah #rentalmobilbali #paketwisatabali #liburanbali #liburanbalimurah #sewamobilbali #balitravego
292,2022-10-01T16:33:17.000Z,"Seputar Infoo
@SeputarInfoo
Â·
Oct 1, 2022","Pada 29 Juni 2012, UNESCO akhirnya mensahkan budaya Subak dari Bali sebagai bagian dari warisan dunia."
293,2022-10-01T16:14:55.000Z,"@prodiastri
Â·
Oct 1, 2022",nonton ticket to paradise berasa dibawa liburan nang bali
294,2022-10-01T16:12:10.000Z,"Êšâ™¡É ğš”ğš’ğš”ğš¢
@swankyeol
Â·
Oct 1, 2022","kagaakkk

mereka ngapain di bali? emg liburan atau syuting produk? atau mau cb :("
295,2022-10-01T16:06:05.000Z,"Bali Travego
@balitravego
Â·
Oct 1, 2022",Rental Mobil Di Bali - Paket Wisata Murah #rentalmobilbali #paketwisatabali #liburanbali #liburanbalimurah #sewamobilbali #balitravego
296,2022-10-01T15:54:08.000Z,"å°è¸
@idylIicsphere
Â·
Oct 1, 2022","Gue udah berkali kali pergi keluar pulau liburan bareng ex aku dulu dan izin langsung ke mama. Always dibolehin. Tinggal bilang aja :
â€œmama aku ke bali ya?â€
â€œkapan?â€
â€œbesokâ€
â€œsama *** (nama ex aku)?â€
â€œIyaaâ€
â€œOkâ€"
297,2022-10-01T15:53:36.000Z,"Deva
@Ra_devaa
Â·
Oct 1, 2022","Apakah jadi ke Bali? Sepertinya seperti tahun lalu dan tahun lalunya lagi. Belum rezeki. Ga apa-apa.
Ga butuh liburan jauh. Cuma butuh quality time"
298,2022-10-01T15:47:59.000Z,"do
@plepas_penat
Â·
Oct 1, 2022",serasa lagi berjemur di pantai bali kali ya
299,2022-10-01T15:46:44.000Z,"-d
@qveenkiyoko
Â·
Oct 1, 2022","kl smua provinsi bisa se santai bali, org org gaakan banyak yg bilang â€œpgn liburan ke baliâ€"
300,2022-10-01T15:42:22.000Z,"Marsha.
@Jinsoule
Â·
Oct 1, 2022",AKU UDAH SIAP MENIKAHI KAMU DITENGAH PULAU BALI BERSAMA RIBUAN IKAN PARI JUGA PIRANHA
301,2022-10-01T15:38:21.000Z,"ramaaa
@Rmdhni____
Â·
Oct 1, 2022",nyatanya trip Malang - Bali - Yogyakarta lebih banyak dapet capeknya daripada senengnya ahahaha
302,2022-10-01T14:48:38.000Z,"á¡•á µá Šá¡ƒà¡šà ¢à ˜ â¸à»ˆà ¡à £á Šß¯á †à £à ˜á¡à £à ˜á Šá Šà ¢à ˜ğ¡~~~â™¡
@Lwhox
Â·
Oct 1, 2022",hanyut di pantai bali yak wkwkwkwkwk
303,2022-10-01T14:48:30.000Z,"@ogenjidesuka
Â·
Oct 1, 2022",Mereka kapan Bali trip?
304,2022-10-01T14:38:56.000Z,"@rpursof
Â·
Oct 1, 2022","dana hibah penelitiannya dipakai untuk bikin reaktor, biaya ngelab untk uji parameter, sampai akomodasi untuk international conference di Bali beneran gratis 

dan kalimat pertama saat bimbingan:
""perjalanan dengan saya tidak akan mudah. tapi saya pastikan kamu dapet sesuatu"""
305,2022-10-01T14:35:43.000Z,"ailee met dpr!
@taegykoo
Â·
Oct 1, 2022","jan : dapet keyboard gratis
feb : pindah s
mar : nonton bts di cgv
apr  : full packing, bukber, jualan cookies
may : ketemu red velvet 
jun : bali - lombok trip
jul : renew passport
aug : itulah pokoknya
sept : worst"
306,2022-10-01T14:27:17.000Z,"á¡hê«€
@noonaformingyu
Â·
Oct 1, 2022","Seneng tp sambil berkaca2 liat foto adeknya wonu sama papanya foto berdua menikmati liburan di bali.  berdua :""))"
307,2022-10-01T14:19:58.000Z,"Reeda
@liquidcocaine26
Â·
Oct 1, 2022","Ticket To Paradise (2022)

Film ini bertabur visual banget, seriously yg maen cakep semua. Filmnya fun, ga bikin bosen, mayan sweet, dan byk viewnya yg bagus. Tentang sepasang mantan suami istri yg pergi ke Bali demi menggagalkan pernikahan putrinya dengan warga lokal di sana."
308,2022-10-01T14:17:14.000Z,"tobong
@sprsub
Â·
Oct 1, 2022",Berarti foto sebelah luxnya masih dibawah dipta?
309,2022-10-01T14:05:21.000Z,"lilyy
@viedediamant
Â·
Oct 1, 2022",bohyukk postt banyak foto pas di bali  gantenggg
310,2022-10-01T14:03:08.000Z,"@haetteok
Â·
Oct 1, 2022","Enjoy bali yaa hae, hyuk, meskipun gatau agenda kalian disitu ngapain,pokonya enjoy aja nikmatin kerja sambil honeymoon nya, eh maksudnya sambil liburan "
311,2022-10-01T14:00:17.000Z,"NoName
@Majidan7
Â·
Oct 1, 2022","Menurut Presiden, Indonesia memiliki daerah-daerah tujuan wisata yang baik. Presiden memerinci beberapa daerah: Bali, Labuan Bajo, Wakatobi, Danau Toba, Raja Ampat, Bromo, Jogja, Bangka Belitung (Babel), hingga Jakarta."
312,2022-10-01T13:59:37.000Z,"Lukman Lisa.
@Lukman_mlz
Â·
Oct 1, 2022","Kopi bali banyak disukai sama orang"" eropa loh. Liat aja di bali, banyak turis yang maen ke sana. Bukan hanyak karena pemandangannya aja yang Indah, tapi juga mempunya kopi khas sebagai jurus jitu pemikat wisatawan dan wisatawati..."
313,2022-10-01T13:48:57.000Z,"Rama Gerald Jade
@ramajade2002
Â·
Oct 1, 2022","Dalam beberapa bidang, keunikan menjadi daya tarik negara jepang. Alkulturasi antara modern dan tradisional yang dibangun memberikan citra bagi negeri sakura. Bali punya potensi akan budaya tiap peradaban terdahulu. Hanya perlu menelaah dan memilih modernitas yang akan diasumsi"
314,2022-10-01T13:59:37.000Z,"Lukman Lisa.
@Lukman_mlz
Â·
Oct 1, 2022","Kopi bali banyak disukai sama orang"" eropa loh. Liat aja di bali, banyak turis yang maen ke sana. Bukan hanyak karena pemandangannya aja yang Indah, tapi juga mempunya kopi khas sebagai jurus jitu pemikat wisatawan dan wisatawati..."
315,2022-10-01T13:48:57.000Z,"Rama Gerald Jade
@ramajade2002
Â·
Oct 1, 2022","Dalam beberapa bidang, keunikan menjadi daya tarik negara jepang. Alkulturasi antara modern dan tradisional yang dibangun memberikan citra bagi negeri sakura. Bali punya potensi akan budaya tiap peradaban terdahulu. Hanya perlu menelaah dan memilih modernitas yang akan diasumsi"
316,2022-10-01T13:48:26.000Z,"Bucin Oppa
@oppaislyfe
Â·
Oct 1, 2022","Welcome to Bali 
@donghae861015
 & 
@AllRiseSilver
 Oppadeul! 

Kata gue mah kalian kudu ke Pantai Petitenget buat sunsetan dan makan tipat sate babi legenda di sana."
317,2022-10-01T13:47:42.000Z,"ayy
@fruitycoff
Â·
Oct 1, 2022","kalo brani, kita ke bandung or jkt atau kita ke bali skalian buat liburan kmu syg, yah?"
318,2022-10-01T13:42:54.000Z,"Maul
@MaHyukHee
Â·
Oct 1, 2022",Bentaaaaar d&e ngapain ke bali?? Liburan ato kerjakah??
319,2022-10-01T13:18:57.000Z,"Jassimp
@jasseidk
Â·
Oct 1, 2022","enak yah ngajak w ke bali buat jadi supir sampe hrs ninggalin tugas seminggu, liburan aja kaga trus skrng gw harus catch up semua tugas gw minggu kmrn AND minggu ini  and you're still bitching why i don't want to come to another week of 11 hours driving ?? mengcape ajg"
320,2022-10-01T13:07:02.000Z,"yuliana
@miiyu_elf
Â·
Oct 1, 2022","donghae eunhyuk ke bali, kyu ke jkt, member yg lain kemana? Ga mungkin mereka ga ketemuan disatu tempat atau jgn"" mereka bakal liburan disini?"
321,2022-10-01T13:00:11.000Z,"HelloRira
@Hyunsuk_Chingu
Â·
Oct 1, 2022","Bali mulu, di Bali cukup liburan aja dong ya masih banyak nih tempat di Indonesia yang worth it selain Bali"
322,2022-10-01T12:40:33.000Z,"winidepuuh
@sondesiix
Â·
Oct 1, 2022","Temenku dlu pacarannya begini..liburan ke bali berdua. Ortunya tahu dan diijinin si, tidur sekamar berdua, akhirnya mereka tunangan kan, eh tapi ujungnya nikahnya ga sama temenku "
323,2022-10-01T12:38:09.000Z,"DAYDREAMáµ›áµ-â·
@stillwiththjk__
Â·
Oct 1, 2022","Hahahaa ngakakkk,, nanti pas liburan berdua bareng pacar bakal ketemu ayah dong di bali "
324,2022-10-01T12:36:12.000Z,"Umis
@arifahhumi
Â·
Oct 1, 2022","Lihat story rang orang pada liburan ke bali, 
Jadi pengen kesana juga "
325,2022-10-01T12:35:09.000Z,"kiww
@yuliadwi29
Â·
Oct 1, 2022",Minjem dong buat liburan ke bali sama lombok
326,2022-10-01T12:23:58.000Z,"nin.
@jjkthsweetiee
Â·
Oct 1, 2022",Masih aja keselek grgr una wafa wkwkwk liburan bareng berdua ke bali? Dpt ijin emang? Wkwk penasaran juga sih bakal ngapain aja disana
327,2022-10-01T12:01:29.000Z,"Adis
@huiilyu
Â·
Oct 1, 2022","Sebong apa gak iri dipamerin para ortu atau saudara mereka foto foto waktu di Bali? Coba pada liburan ke Bali juga deh. Cakep kok, meskipun indo panas poll dan bule di sana naik motornya ngajak ribut."
328,2022-10-01T11:55:05.000Z,".
@selosins
Â·
Oct 1, 2022",adeknya wonu apdet liburan ama abeoji di bali kok aku yg terharu  semoga sehat-sehat dan bahagia terus ya amen 
329,2022-10-01T11:50:40.000Z,"nad
@blveskvy
Â·
Oct 1, 2022",smoga donghae sama hyukjae ga ngebatin knp pas mereka ke bali ujan terus wkwkw soalnya pas analog trip juga ujan trs di bali & yogya
330,2022-10-01T11:47:31.000Z,"dindinâ· || ğ•’ğ•£ğ•ğ•ª ğ• ğ•Ÿğ•ğ•ª
@beminyoongiii
Â·
Oct 1, 2022","Setiap ngliat Yoongi pake galaxy buds, uda pengen gasss in aja beli, tapi lgsg inget pgn liburan akhir taun ke Bali"
331,2022-10-01T11:42:47.000Z,"Bani//Star's For Shehnaaz
@sanafangirlbac1
Â·
Oct 1, 2022",Tari a bali account kab ayi bapas bola nahi bc
332,2022-10-01T11:41:38.000Z,"Shabs
@Snurfsh
Â·
Oct 1, 2022","Hah ngang ngong ngang ngong, saking sibuknya minggu ini sampe BARU TAU KALO SI KEMBAR D&E HARI INI KE BALI safe flight and enjoy your trip gengs 
@donghae861015
 @AllRiseSilver"
333,2022-10-01T11:41:32.000Z,"|| WTS TREASURE HELLO GREEN DAY2
@indrilestari_
Â·
Oct 1, 2022","Kmren aku pergi lumayan ekonomis, aku section purple sm green ya, 4 hari dari bali abis 8jtan, udh pesawat penginapan makan transport ngopi wv memship, ya seenggaknya pegang 10 lah nder"
334,2022-10-01T11:31:46.000Z,"Ibu Rumah Tangga
@arievicas
Â·
Oct 1, 2022","Bahkan doi sempet iming2 foto post-wed di Bali. Aku sama suami yg posisi udah di Bali, di tanggal yg dijanjiin kita pesen hotel, sewa mobil, prepare baju dll. Eh H-1 dia bilang ga bisa brgkt. Ga bisa marah. Soalnya temen. "
335,2022-10-01T11:21:36.000Z,"wesi~
@irongirllovely
Â·
Oct 1, 2022","tapi sumpah gak enak pas di Bali malah sakit (si paling gakenakan ngrepotin ortu+bnyk orang), padahal kan bisa dipake sekalian jalanÂ² kan? atau mau healingÂ² liburan(?) apa hikmahnya disuruh lama diem dirumah?"
336,2022-10-01T11:18:09.000Z,"springbunny-dewi
@thisisdewi_u
Â·
Oct 1, 2022",aa gasabar liat mereka foto ditulisan bali hahahhaha
337,2022-10-01T11:03:02.000Z,"Ardi
@Ardianale
Â·
Oct 1, 2022",Bali itu pulau dewata. Kamu itu orang yang kuinginkan hidup bersama secara dewasa. steffizmr15
338,2022-10-01T11:21:36.000Z,"wesi~
@irongirllovely
Â·
Oct 1, 2022","tapi sumpah gak enak pas di Bali malah sakit (si paling gakenakan ngrepotin ortu+bnyk orang), padahal kan bisa dipake sekalian jalanÂ² kan? atau mau healingÂ² liburan(?) apa hikmahnya disuruh lama diem dirumah?"
339,2022-10-01T11:18:09.000Z,"springbunny-dewi
@thisisdewi_u
Â·
Oct 1, 2022",aa gasabar liat mereka foto ditulisan bali hahahhaha
340,2022-10-01T11:03:02.000Z,"Ardi
@Ardianale
Â·
Oct 1, 2022",Bali itu pulau dewata. Kamu itu orang yang kuinginkan hidup bersama secara dewasa. steffizmr15
341,2022-10-01T10:59:48.000Z,"EL
@aveilablee
Â·
Oct 1, 2022","Sumpah bg  gua sedih, idola aing dari jaman kapan tau masa kena masalah nya â€œabuseâ€ soal cewe, yg dimana lo galau/putus waktu itu aja ilang, pergi ke bali sebelum ada kata healing"
342,2022-10-01T10:58:46.000Z,"Mei
@itsmemymei
Â·
Oct 1, 2022","Sekali kali tuh ke Kalimantan pulau Lemukutan, pulau komodo, Bali, air terjun ntar gue bayarin uang parkirnya deh"
343,2022-10-01T10:52:05.000Z,"jamal
@kitabukanpren
Â·
Oct 1, 2022","jan : asix kelas 12
feb : punya pacar
mar : gk lolos sn
apr : bulan puasa
may : graduate anjai lulus sma
jun : liburan ke sby, semarang, jogja, bali 
jul : ngemis minta waktu ke pacar pdhl wkt itu dia selingkuh 
aug : diselingkuhin 
sept : dapet temen virtual wkwk"
344,2022-10-01T10:39:30.000Z,"Ngurah Sudita
@Ngurah_jagat
Â·
Oct 1, 2022","Kamu tahu apa tentang BPPC?
Tahu apa tentang Bali Pecatu Graha?
Tahu apa pula kau tentang Reklamasi Pulau Serangan?"
345,2022-10-01T10:24:52.000Z,"nana (35/90)
@Nakednanaa
Â·
Oct 1, 2022","Tetep ngefek, karena bawa-bawa Bali baik unsur alam maupun budaya nya."
346,2022-10-01T10:15:48.000Z,"Rajatrip.com
@raja_trip
Â·
Oct 1, 2022","Paket Liburan ke Bali, Kuala Lumpur, Singapore, Bangkok, Hong Kong mulai dari 1,7jt/orang !! Contact Us : BBM : 746826BB"
347,2022-10-01T10:09:20.000Z,"senja
@thvjaemin
Â·
Oct 1, 2022",ini anak nct apa ga mau liburan sekitaran bali atau lombok? kalo sekitaran situ mah bisa gue samperin. kalo mainnya cuma di jakarta doang ga sanggup deh gue 
348,2022-10-01T09:57:59.000Z,"nun
@aiyonmen
Â·
Oct 1, 2022","lah mau ke bali ternyata, liburan yak"
349,2022-10-01T09:57:50.000Z,"arpi
@purplexyyz
Â·
Oct 1, 2022"," things u remember from 2022? 

jan : main ma temen ke pantai
feb : pas lg bucin bucinny
mar : ultah desta
apr : ultah cilla trs ngesurprise cilla lucu bgt
may : study tour ke bali
jun : my birthday
jul : main ke jogja ma zila
aug : jemput bapak ke jogja sendiri
sept : glw"
350,2022-10-01T09:52:12.000Z,"bae.
@ybaeone
Â·
Oct 1, 2022",Lagi liburan di bali terus stay di vila yg langsung ke pantai. Ajg sayangnya cuma mimpi cok
351,2022-10-01T09:35:13.000Z,".
@ianjamet
Â·
Oct 1, 2022","well i ever once said â€œsebelum keliling dunia, gue mau keliling indonesia duluâ€ tapi gue ga pernah mikir kalo itu bakal terjadi secara pelanâ€ di umur gue segini. awal cuman dieng, semarang, pulau seribu. tapi skrg pelanâ€ nyebrang ke pulau bali, bahkan jogja, impian gue dari dulu"
352,2022-10-01T09:25:39.000Z,"Muhammad Iqbal
@iqbalcesc_
Â·
Oct 1, 2022","Panen di kebun dong, liburan di Bali dong "
353,2022-10-01T08:37:17.000Z,"Abang-abangan
@bbbubleee
Â·
Oct 1, 2022","Tiba-tiba ditawarin promo paket liburan nginap di Bali dengan harga yg seharusnya buat semalam aja jadi bisa 3 malam cuks, syaratnya musti bayar di muka via CC dan ntar di hari nginep ada satu waktu diajak ke acara mereka disana. Fix bakalan di prospek misalnya bukan nipu mah "
354,2022-10-01T07:53:56.000Z,"Rexxx
@rrexxxyy
Â·
Oct 1, 2022",Pulau bali 
355,2022-10-01T07:41:19.000Z,"R A N I
@rraanniib
Â·
Oct 1, 2022","Nyari teman buat liburan ke Bali bulan ini, tapi bills masing-masing ya. Gw bukan sugar mommy "
356,2022-10-01T07:35:24.000Z,"Frentje Bowakh
@FrentjeBowakh
Â·
Oct 1, 2022",Liburan mreka. Kan rejeki jg buat bali
357,2022-10-01T07:12:30.000Z,"RoachPunksMINT NOW
@RoachPunks
Â·
Oct 1, 2022",Kau buat mcm fly pergi bali je kan. Gabon?!
358,2022-10-01T06:50:22.000Z,"SYHR
@sangrahwana
Â·
Oct 1, 2022","Berangkat
KA Tawang Alun | MLK - KTG (62k)
Kapal Ferry | Ketapang - Gilimanuk (8,5k)
Bus P.O. Sehati Gilimanuk - Denpasar (50k)

Pulang
Bus Gunung Harta Denpasar - Malang (280k)

Nih referensi kalau mau backpackeran ke Bali, 400rb-an bisa liburan ke Pulau Dewata guiss "
359,2022-10-01T06:49:04.000Z,"| Sensory Flows
@saiiawinona
Â·
Oct 1, 2022",Kalo bali inshaallah aman krn kawasan turis dan fans sana juga pada menjaga 
360,2022-10-01T06:50:22.000Z,"SYHR
@sangrahwana
Â·
Oct 1, 2022","Berangkat
KA Tawang Alun | MLK - KTG (62k)
Kapal Ferry | Ketapang - Gilimanuk (8,5k)
Bus P.O. Sehati Gilimanuk - Denpasar (50k)

Pulang
Bus Gunung Harta Denpasar - Malang (280k)

Nih referensi kalau mau backpackeran ke Bali, 400rb-an bisa liburan ke Pulau Dewata guiss "
361,2022-10-01T06:49:04.000Z,"| Sensory Flows
@saiiawinona
Â·
Oct 1, 2022",Kalo bali inshaallah aman krn kawasan turis dan fans sana juga pada menjaga 
362,2022-10-01T06:42:08.000Z,"Info Madura
@InfoMadura3
Â·
Oct 1, 2022","Pulau Madura besarnya kurang lebih 5.168 km2 (lebih kecil daripada pulau Bali), dengan penduduk hampir 4 juta jiwa."
363,2022-10-01T06:40:46.000Z,"ğš—ğšŠğšğš’ğš—
@tunggadewins
Â·
Oct 1, 2022",Uhuks abangnya udah terdampar di bkk eh adek nya baru post kemaren2 di bali beneran sekalian niat liburan kan rombongan keluarga kemaren tuh 
364,2022-10-01T06:11:17.000Z,"kopipahit
@ilhamjati4
Â·
Oct 1, 2022",Harusnya kalian berbusana layaknya wanita di Bali tahun 1800an.... Ayo dong... Kalian kan warga Indonesia yg meneladani budaya Indonesia
365,2022-10-01T05:53:47.000Z,"nos
@doyoungub
Â·
Oct 1, 2022","jul: ngerjain banyak commiss + sempro <3 
aug: liburan ter pw selama masa kuliah beneran gada beban wkwkwk, jalan-jalan terus
sept: ke jogja!!!!!!!!! terus balik ke bali yeyyyyy~"
366,2022-10-01T05:50:28.000Z,"Joko Peng Hoo-tang å½­ä¹å”
@pergidana
Â·
Oct 1, 2022","Oke kalian yang maramara dengan penamaan ""pulau jawa"" apakah sudah maramara juga sama orang madura, bali dan buton??"
367,2022-10-01T05:36:43.000Z,"Ares
@_aresdeimos_
Â·
Oct 1, 2022",Pantai mana ini nder ? Di bali ?
368,2022-10-01T05:36:38.000Z,"Cak Gieh
@Gigih_T
Â·
Oct 1, 2022","Feeling sebelum masuk kerja di hari pertama tgl 10, liburan dulu enak Iki. Berangkat Rabu balik Minggu. trip ke Banyuwangi terus lanjut ke Bali. Liat budget dulu wait a minute "
369,2022-10-01T05:31:56.000Z,"apais
@isfaiznaufal
Â·
Oct 1, 2022",Paling wisata overland bali
370,2022-10-01T05:17:44.000Z,"Wiarpiz
@wiar_piz
Â·
Oct 1, 2022",Pulau Dewata Bali merupakan 1 dari 10 pulau paling romantis di dunia. [majalah Travel+Leisure]
371,2022-10-01T05:02:47.000Z,"call me
@mutiaNH
Â·
Oct 1, 2022","Aku udah tau ahahahaha

Di radio mrk udah ngomong . Hyuk blg ""kmrn kita pas konser di jkt ngomong mau kesana lagi dan kayaknya udah mau fix , kita kan mau ke Bali"" gitu mbak dia ngomongnya wkwkwk

Cuma buat apa ke bali nya nih gatau . Syuting atau liburan doang gatau deh"
372,2022-10-01T04:59:41.000Z,"bunga âš˜ |
@sekalium
Â·
Oct 1, 2022","BALI!!! Biar mereka sekalian healing di pantai, terus biar chenle bisa makan seafood sepuasnya dan belanja di pasar kedonganan terus di masak di resto yang di jimbaran sambil liat sunset "
373,2022-10-01T04:38:30.000Z,"@fenyadei
Â·
Oct 1, 2022","kalo suka adventerous, lombok/bali tu paket lengkap. diving cakep, trekking apalagi, sepedaan muter pulau jg debest

kalo sukanya main wahana jepun si, usj+disneysea="
374,2022-10-01T04:28:42.000Z,"Sang_Suratma777
@suratma777
Â·
Oct 1, 2022","Coba kamu datang ke pantai kuta bali , lihat disekelilingnya , itupun kalo kamu punya uang bisa dateng"
375,2022-10-01T04:24:13.000Z,"Queensam
@nrlashqnhshm
Â·
Oct 1, 2022","Hahahahhaa, setahun sekali kan. Lepas trip Jakarta - Bali tu aku duduk rumah ah "
376,2022-10-01T04:18:53.000Z,"Sara
@mangostickynice
Â·
Oct 1, 2022",Dampak film Ticket to Paradise terhadap peningkatan pariwisata pulau Bali
377,2022-10-01T04:15:34.000Z,"asj
@ahmadsauja
Â·
Oct 1, 2022","Pernah bonding bareng atasan ama temen kantor jadi turis sehari, pake baju modelan bunga2 rapih kaya lagi ke bali. Eh di istiqlal dipanggil mister"
378,2022-10-01T04:03:28.000Z,"Alsa.
@marveIseries
Â·
Oct 1, 2022","jan : lupa
feb : my birthday 
mar : first time met him
apr : nangisin Koro sensei
may : lebaraan
jun : PAT. Satu ruangan sama diaa
jul : trip to Surabaya, Malang, Bali. Teruss mpls sekolah aku jadi panitia nya
aug : lomba agustusan, jadi panitia lagi!!
sept : movie date"
379,2022-10-01T03:53:50.000Z,"Restu Bumi
@rezturuguay
Â·
Oct 1, 2022","miskin dari mana sih yg pada di gaji sama rakyat aja hidupnya mevvah, liburan ke ke luar negeri, punya simpanan di setiap apartment jakarta, setiap minggu dugem di bali darimana bisa di anggap miskin"
380,2022-10-01T03:50:05.000Z,"CiciCuit
@cicibercuit
Â·
Oct 1, 2022","Kak
Apakah anda tidak pergi ke Bali hihi"
381,2022-10-01T03:50:05.000Z,"CiciCuit
@cicibercuit
Â·
Oct 1, 2022","Kak
Apakah anda tidak pergi ke Bali hihi"
382,2022-10-01T03:36:44.000Z,"Putu Aditya Nugraha
@commaditya
Â·
Oct 1, 2022",sini nongkrong di bali berendem doang di pantai sampe sore
383,2022-10-01T03:28:09.000Z,"Bigwin
@BigWinKontl99
Â·
Oct 1, 2022",Cinta di pantai Bali
384,2022-10-01T03:27:27.000Z,"braindead
@notimeforlozer
Â·
Oct 1, 2022",Sekali lagi ini bukan tntg barang apa yg dia kasi ke aku. Aku bisa beli apa aja skrg dg uang sendiri kecuali ufo sama pulau bali. Sampe mana sih materi? Hal sepele yg selalu jadi ukuran utk mendeskripsikan seseorang haha sampah
385,2022-10-01T03:09:11.000Z,"putrri
@putr1_s
Â·
Oct 1, 2022","Bali memiliki situs arkeologi bersejarah mirip Petra di Jordania selatan, yaitu situs Candi Gunung Kawi."
386,2022-10-01T02:54:46.000Z,"ğ–Œğ–ğ–—ğ–‘ ğ–”ğ–‹ ğ–ğ–†ğ– ğ–“ ğ–ğ–Šğ–“ğ–”
@theonlya_ref
Â·
Oct 1, 2022","Bisa, naik kereta turun di banyuwangi (kurang tau stasiun apa, coba search di google) trs nyebrang ke pulau bali nya naik kapal di pelabuhan trs nyampe deh di bali."
387,2022-10-01T02:54:20.000Z,"CLOSE
@ceoribellen
Â·
Oct 1, 2022","kayanya bisa deh pake bus, cuma kan bali tuh pisah pulau jd hrs nyebrang pake kapal klo mau balik pake darat"
388,2022-10-01T02:49:07.000Z,"jangar_official
@jangar_official
Â·
Oct 1, 2022","Perjalanan bali jogja darat 17 jam lumayan encok. Tolong diramaikan bos malam ini jam 20:00 di 
@kustomfest
 !"
389,2022-10-01T02:42:50.000Z,"ris
@taurusgurll__
Â·
Oct 1, 2022","Jan: libur semester 
feb: flight to sby lalu ke Banyuwangi
mar: otw Bali dan siap ngekos
Apr: balik ke Banyuwangi trs ke Pemalang
Mei: Lebaran, ultah, balik lagi ke kos, uas
Juni: Balik lagi ke Banyuwangi
Juli: menikmati liburan
Agu: balik ke Bali, ospek
Sep: kuliah normal"
390,2022-10-01T02:37:06.000Z,"chaaa
@matchachoreo
Â·
Oct 1, 2022",Kayaknya emg ada kerjaan di bali yh bukan cm liburan
391,2022-10-01T02:24:24.000Z,"Ririn Marinasari
@RirinMarinasari
Â·
Oct 1, 2022","Terus Bali ya Bali, NTT ya NTT beda pulau. Terus NTT itu di ujung dekat Papua"
392,2022-10-01T02:21:43.000Z,"Ririn Marinasari
@RirinMarinasari
Â·
Oct 1, 2022","Udah sih ga usah bahas Bali Bali, no one never visit. Plus ya commonly in every city selama di wilayah turis."
393,2022-10-01T02:17:51.000Z,"Ayaaaa
@sekaralyaayu
Â·
Oct 1, 2022",Liburan yuk ke Bali 
394,2022-10-01T02:16:18.000Z,"â· tan's â‚â‚ƒ â€¢ BIGWIN COME TO ME
@lachibolala0613
Â·
Oct 1, 2022","jan : liburan semester ke kampung 
feb : udah mulai mumet kuliah
mar : TUGAS BESAR
apr : TUGAS BESAR 
may : sidang tugas besar
jun : Sidang semakin sering, ke Bali 
jul : Mumet UAS terus libur seminggu dilanjut KKN
aug : Full KKN, daftar Pra-TA
sept : sempro, kuliah, PKL"
395,2022-10-01T02:09:42.000Z,"UNPAM MENFESS
@unpamfess_
Â·
Oct 1, 2022",#NAME?
396,2022-10-01T02:02:16.000Z,"ZURY
@pinkubliss
Â·
Oct 1, 2022","Seru banget pada liburan ke bali 
GUE KAPAN LIBURANNYA "
397,2022-10-01T01:54:10.000Z,"H a R U
@luminouspring
Â·
Oct 1, 2022","Yg pengen hanimun ke Bali mbak sama masnya, yg udah keturutan pergi duluan baru si mas sama bestienya "
398,2022-10-01T01:51:05.000Z,"Babeeboo
@keepinteuk
Â·
Oct 1, 2022",Bikin konten d&e trip mungkin.. tapi kejauhan kalo ke bali hmm
399,2022-10-01T01:48:46.000Z,"Baru Tahu
@Traffic_Jogja
Â·
Oct 1, 2022",KAPAL ANGKATAN LAUT INGGRIS MERAPAT DI BALI BAWA MISI PERTUNJUKAN BUDAYA
400,2022-10-01T01:48:45.000Z,"Fara
@Cherychulie
Â·
Oct 1, 2022",Iya kaakk.. perjalanan naik kereta trus nyebrang sebenernya udh nyampe Bali. Tapi pas nyampe sana g tau kemana
401,2022-10-01T01:42:16.000Z,"TiTa
@TiTa_BokShim
Â·
Oct 1, 2022","Ya anggeplah mereka nyobain hotel sama udara pantai Bali.
Ya liburan jg sih...dari Senin cuy...lama banget... Ya harusnya emang ada yg diurus sih"
402,2022-10-01T01:38:46.000Z,"ë‹ˆì‚¬ í‘¸íŠ¸ë¦¬ì•„ë‹ˆ
@nputrin2408
Â·
Oct 1, 2022","@TeukchulFamily
 mohon pencerahannya gimana cara emak bisa ngizinin anak kembar pergi ke bali tanpa pengawasan orang tua "
403,2022-10-01T01:29:11.000Z,"Fara
@Cherychulie
Â·
Oct 1, 2022",Ini sebenernya perjalanan Jember Bali kurang lebih cuma 50rebu. Tapi masalahnya aku g tau dne ini bakal kemana
404,2022-10-01T01:27:58.000Z,"debsss.
@thelifeofdebs
Â·
Oct 1, 2022",benerrrrr banyak tempat2 wisata yg bisa didatengin kalo di bali
405,2022-10-01T01:48:46.000Z,"Baru Tahu
@Traffic_Jogja
Â·
Oct 1, 2022",KAPAL ANGKATAN LAUT INGGRIS MERAPAT DI BALI BAWA MISI PERTUNJUKAN BUDAYA
406,2022-10-01T01:48:45.000Z,"Fara
@Cherychulie
Â·
Oct 1, 2022",Iya kaakk.. perjalanan naik kereta trus nyebrang sebenernya udh nyampe Bali. Tapi pas nyampe sana g tau kemana
407,2022-10-01T01:42:16.000Z,"TiTa
@TiTa_BokShim
Â·
Oct 1, 2022","Ya anggeplah mereka nyobain hotel sama udara pantai Bali.
Ya liburan jg sih...dari Senin cuy...lama banget... Ya harusnya emang ada yg diurus sih"
408,2022-10-01T01:38:46.000Z,"ë‹ˆì‚¬ í‘¸íŠ¸ë¦¬ì•„ë‹ˆ
@nputrin2408
Â·
Oct 1, 2022","@TeukchulFamily
 mohon pencerahannya gimana cara emak bisa ngizinin anak kembar pergi ke bali tanpa pengawasan orang tua "
409,2022-10-01T01:29:11.000Z,"Fara
@Cherychulie
Â·
Oct 1, 2022",Ini sebenernya perjalanan Jember Bali kurang lebih cuma 50rebu. Tapi masalahnya aku g tau dne ini bakal kemana
410,2022-10-01T01:27:58.000Z,"debsss.
@thelifeofdebs
Â·
Oct 1, 2022",benerrrrr banyak tempat2 wisata yg bisa didatengin kalo di bali
411,2022-10-01T01:20:11.000Z,"Nat
@grspena
Â·
Oct 1, 2022","D&E beneran ke Bali. Berdua aja? Atau nanti yg lain nyusul? 
Buat syuting MV? Iklan? Varshow? Liburan? Atau janganÂ² mau ketemu Finalis Miss Grand Internasional kalian? 
Apapun, have fun in Bali 
@AllRiseSilver
 @donghae861015
 safe flight"
412,2022-10-01T01:15:40.000Z,"ã… ã…£ ã…‡
@_nrlsymr_
Â·
Oct 1, 2022",d&e kalau pergi bali sebab comeback schedule diorang memang aku emmmm kena prepare lah ni
413,2022-10-01T01:12:50.000Z,"@_NFARH
Â·
Oct 1, 2022",I think this will be my indicator either aku sign up to another marathon (dibaca bali marathon) or not. Pergi bali pegang beg orang pun okay kalau aku nda suka lari 
414,2022-10-01T00:59:25.000Z,"juwita
@itakul
Â·
Oct 1, 2022","Stylistnya ikutan juga , fix ini ke Bali mo kerja bukan liburan
Kalian ada project apaan Sih juu ? 
@SJofficial"
415,2022-10-01T00:54:38.000Z,"smol chickie
@Mintechan
Â·
Oct 1, 2022","I had another weird dream. Lagi trip ngajak family ke Shibuya. Terus jalan kaki gitu lewatin traditional market macem yg ada di indo gitu, jualan baju2 Bali."
416,2022-10-01T00:44:10.000Z,"bijtcha
@hayolololololo
Â·
Oct 1, 2022","Setiap memutuskan â€œstopâ€ sama orang itu, pasti dalam waktu dekat pergi ke Bali kwkwkw
Thanks God!"
417,2022-10-01T00:40:50.000Z,"Fimi
@FimiKyu
Â·
Oct 1, 2022","EunHae ke Bali bisa jd krn mau:
Bikin MV D&E
Syuting Iklan
Ada undangan
Foto utk PhotoBook 
Vlog liburan kaya analog trip
or
Honeymoon "
418,2022-10-01T00:33:40.000Z,"Elfaâ¹â·
@fortunwin
Â·
Oct 1, 2022",Ini mereka ke bali cuma mau liburan atau ada sesuatu 
419,2022-10-01T00:30:04.000Z,"maminyabinarastri
@ternantiennovi
Â·
Oct 1, 2022",Penasaran bgt sm kids spoonnnn tp masa weh kudu ke bali duluuu heuuu liburan ke bali ge binar uda setaun lebihhh
420,2022-10-01T00:06:53.000Z,"Odiâ€™s Diary
@PopMieRasaAyam
Â·
Oct 1, 2022",Wkwkwkwkw. Gapapa berarti setidaknya mirip dengan salah satu wilayah di Pulau Bali. 
