,0,1,2
0,2022-02-02T18:58:27.000Z,"suka selam
@sukaselam
Â·
Feb 3, 2022","Sebelumnya turis asing yang hendak ke Bali harus melewati bandara intl Soekarno Hatta Jakarta. Turis yg telah full vaksin diwajibkan karantina 5 hari, sedang yg baru sekali vaksin 7 hari."
1,2022-02-02T18:52:48.000Z,"KARIN AS HELL
@karinashell
Â·
Feb 3, 2022","Pengen punya rumah pinggir pantai di bali atau lombok, gpp cuma di mimpi juga pengen rasain tiap pagi liat sunrise sambil ngteh. Terus nyore sambil ngbeer liat kucing aku lulumpatan pinggir pantai :')"
2,2022-02-02T18:45:26.000Z,"devilicious
@d3vilicious
Â·
Feb 3, 2022","Kualitas manusianya juga berbeda. Mayoritas masyarakat Bali cerdas, mereka kuat dg agama juga kuat dg budaya mereka. Agama Hindu Bali tetap terjaga tdk terpengaruh dg Hindu radikal India, beda dg masyarakat Madura yg gampang diobok-obok bangsa radikal dari timur tengah."
3,2022-02-02T17:21:40.000Z,"Ricard Parker
@euceunyanya
Â·
Feb 3, 2022",Semangat jalan2 dan liburan di bali...
4,2022-02-02T16:49:54.000Z,"zuy
@dezoelp
Â·
Feb 2, 2022",Tah muhun kang. Anggap we nuju dines damel ka bali. Nu ngarana damel mah nya pasti keudah taat aturan ti padamelan. Engke ge aya waktosna liburan mah.. ieu mah hare2 we .. katempo sih ti awal musim ge loba pemain anu teu serius maen teh+teu bermain secara tim.
5,2022-02-02T16:48:09.000Z,"chill
@arthvxxx
Â·
Feb 2, 2022",Pengen liburan ke bali bareng bestie
6,2022-02-02T16:25:23.000Z,"Kapten
@captainjexx
Â·
Feb 2, 2022",dan liburan ke Bali bulan ini batal 
7,2022-02-02T15:56:23.000Z,"rai
@sedangbacabuku
Â·
Feb 2, 2022","Oka Rusmini banyak judul dan ngga ngantri, nder.. ceritanya berlatar budaya adat Bali gitu.. coba aja satu"
8,2022-02-02T15:29:44.000Z,"?
@afifaleh
Â·
Feb 2, 2022","barkunjungan samarinda terus diajak neng balikpapan, yo seko tiket wisata, makan, transport kabeh wes ono anggaran, tinggal mangkat wae ngeng, nah barkui bali seko balikpapan mulai dadi wong sibuk hehe"
9,2022-02-02T15:29:23.000Z,"Kael.
@guratsastra
Â·
Feb 2, 2022","""Kalau kamu kapan terakhir ke Bali?""

Azka menyandarkan punggungnya ke sandara sofa, tusuk bekas sate ia buang ke tong sampah yang berada tidak jauh dari sofanya duduk. 

""Berselancar boleh, berenang juga boleh. Atau mau berkuda di pantai?"" Ia membiarkan Adira memilih."
10,2022-02-02T15:19:31.000Z,"Sinefool.
@febryarp
Â·
Feb 2, 2022","Nah mulai khawatir nih Liga 1 ditunda begini, sampe puluhan gt yg positif.

Lagian panitia emg ngebet bgt adain di Bali, udah tau infrastruktur kurang eh msh aj dihantam. 

Klub sm pemain jg gatau satu hotel sama turis atau apalah, trs merekanya juga chill sana sini wkwk."
11,2022-02-02T15:13:50.000Z,"SUBSCHFESS
@subschfess
Â·
Feb 2, 2022","Sch! Selain brenli, clearn, zen, aplikasi mana yang bagus buat nyari jawaban fisika hukum newton??

âœ„ãƒ»ãƒ»ãƒ»
 Trivia: Hak Tawan Karang menjadi penyebab pecahnya Perang Puputan di Pulau Bali"
12,2022-02-02T15:06:23.000Z,"Lan
@yourland_
Â·
Feb 2, 2022","Mannnn elu salah orang!!! Gue bingung kalo elu bertanya liburan di Bali enaknya kemana gue ga bisa jawab.

KTP gue aja yang Bali aslinya gue dari Pulau Kapuk alias gue anak rumahannnnnn!!!"
13,2022-02-02T15:05:17.000Z,"Tiara
@tttttiaraaaa
Â·
Feb 2, 2022",Road trip sumatera jawa bali
14,2022-02-02T14:42:23.000Z,"Rhama_k
@rhama_k
Â·
Feb 2, 2022",Pergi saja...tidak ada dampat positif bagi masyarakat bali..yang ada mlah membuat nama bali saja..sehinga wisatawan mikir liburan ke bali..
15,2022-02-02T14:37:12.000Z,"tai
@gaksukakamuh
Â·
Feb 2, 2022",Pengen pergi jauh ke bali buat cari hidayah bisa ga si
16,2022-02-02T14:20:40.000Z,"aurora
@olgaauroraaa
Â·
Feb 2, 2022",kalo mbak yura yunita healing ke bali. aku healing pas fieldwork. ketemu banyak orang. kadang ceplosan mereka related banget sama uripku. (semoga) perjalanan ini bisa jadi betadine yg ampuh 
17,2022-02-02T14:13:15.000Z,"Info Madura
@InfoMadura3
Â·
Feb 2, 2022","Pulau Madura besarnya kurang lebih 5.168 km2 (lebih kecil daripada pulau Bali), dengan penduduk hampir 4 juta jiwa."
18,2022-02-02T13:54:15.000Z,"Adrian
@novembergrays
Â·
Feb 2, 2022","Temen gw, asli Bali: ""gw pengen ke Bali deh. Tapi jadi turis""
Gw: ""GIMANA kan lu org Bali????"""
19,2022-02-02T13:39:52.000Z,"Stewie Jr.
@stewiegriff_
Â·
Feb 2, 2022","Mereka selalu nuduh kita pro bule.
Ya ga semua bule juga kita pro lah. Tapi nyatanya memang mayoritas turis asing lebih menghargai Bali seutuhnya.

Intinya pembukaan pariwisata internasional di Bali ga boleh gagal tahun ini dengan narasi apapun. Udh cukup kita di PHP in"
20,2022-02-02T13:26:59.000Z,"okka wiranata
@okka_wiranata
Â·
Feb 2, 2022","klo di bali namanya sunrise bu, ga tau deh klo dikota lain. biasa ini tanda2 tukang lumpiang di pantai udh siap dibeli. enak2 msh anget."
21,2022-02-02T13:21:10.000Z,"alto
@wantherc
Â·
Feb 2, 2022","Marah-marah soal orang jakarta ke bali, terus yang endorse influencer di pulau jawa buat ke sana untuk ngajak followernya ikutan liburan ke sana itu siapa?"
22,2022-02-02T13:21:10.000Z,"alto
@wantherc
Â·
Feb 2, 2022","Marah-marah soal orang jakarta ke bali, terus yang endorse influencer di pulau jawa buat ke sana untuk ngajak followernya ikutan liburan ke sana itu siapa?"
23,2022-02-02T13:20:53.000Z,"who's ari?
@jstfckdup
Â·
Feb 2, 2022","ungapan ajaa, bagus buat spot foto, ada sungai dan kolam air payau, terus ada kek terumbu karang dipantainya (kalo surut) jd ntar foto situ bisa kek di bali wkwkw, kalo mo ke pantai sebelahnya juga tinggal jalann"
24,2022-02-02T13:20:23.000Z,"Alan
@sirxune
Â·
Feb 2, 2022",Ke Bali main di pantai
25,2022-02-02T13:05:41.000Z,"Cuddle Angel Ewita
@oedit
Â·
Feb 2, 2022","call me bitter or anything, but eyke gedek banget liat di medsos orangÂ² yg eyke kenal scr langsung pada dikasih wfh tapi malah liburan ke bali lah ke bandung lah ke jogja lah trus eksis fotoÂ² kagak pake masker, eh giliran skrg malah komen ""ih ngeri ya mulai banyak yg covid lagi"""
26,2022-02-02T13:00:42.000Z,"dyt
@daisyhwj
Â·
Feb 2, 2022",Soalnya km trip bali-bjm-depok-jogja-depok-bjm . Buset  aku maklum sekaliiii
27,2022-02-02T12:58:54.000Z,"-^-
@aabay24
Â·
Feb 2, 2022",Udah bener di pulau jawa....pake pindah ke bali
28,2022-02-02T12:52:31.000Z,"D / K
@callmedyk
Â·
Feb 2, 2022","Sodara gua abis ke Bali sama temen-temen ""katanya"". Trus gua chat ""hornymoon lu?"" Dia jawab ""gua ga berdua doang"" sambil kirim foto berlima tapi ada pacarnya juga 
(Dia kayaknya lupa kalo yang nanya suhu semprot) "
29,2022-02-02T12:43:38.000Z,"Qunang
@Anang_satria12
Â·
Feb 2, 2022","Ke Bali untuk berkompetisi bukan untuk liburan kesana kesini, nyuruh Bobotoh patuhi prokes dan dirumah aja. Eh ternyata pemainnya keluyuran dan bodo amat dgn prokes "
30,2022-02-02T12:38:19.000Z,"sirungsing
@sayakemal
Â·
Feb 2, 2022",Kapan lagi ke Bali gratis transport...kerja sekalian liburan..
31,2022-02-02T12:31:31.000Z,"Udin
@Udin47386463
Â·
Feb 2, 2022","Gini lo bro,.. Bali itu kan udah tujuan wisman beda dengan daerah lain indo..dan pangsa pasar wisman muslim itu besar makanya destinasi tujuan wisata dunia itu sekarang lagi berlomba2 menggalakkan wisata halal buat menggaet tu wisman muslim sebanyak-banyaknya.."
32,2022-02-02T12:27:29.000Z,"Udin
@Udin47386463
Â·
Feb 2, 2022",",.masalahnya kak kadang wisman ada yg ngga tau kalo bali itu bagian dari indo dan malah lebih terkenal bali nya dari indonya,. Ya udah mbak cuma sekedar saran,. Pariwisata bali Jgan terlalu nyaman di zona aman soalnya phuket lagi menggalakkan wisata halal.."
33,2022-02-02T12:24:02.000Z,"Cia
@jklmuthia
Â·
Feb 2, 2022",Bingung mau liburan ke bali atau ke jogja soalnya uangnya abis di pake bayar semesteran hiks
34,2022-02-02T12:23:14.000Z,"Contact Center AP II
@contactap2
Â·
Feb 2, 2022","Halo kak, informasi penerbangan saat ini sesuai SE Satgas Covid-19 No. 22 Tahun 2021 dan SE Kemenhub No. 96 Tahun 2021 untuk penerbangan dari/ke daerah di wilayah Pulau Jawa dan Bali wajib menggunakan RT-PCR dengan (1/2) -Imam"
35,2022-02-02T12:21:37.000Z,"Udin
@Udin47386463
Â·
Feb 2, 2022","Yg bilng diprsulit siapa bro? Itu cma altrnatif dan ngara Eropa sbgai mbahnya tjuan wisata mlah promsikan wisata halal. Wisata bali jgan terlalu nyaman di zona aman. Lgian ga bilang jga orang Arab skit dtang ke Bali, cuma awas kna salip sma phuket aja yg lagi prmosi wisata halal"
36,2022-02-02T12:02:18.000Z,"Udin
@Udin47386463
Â·
Feb 2, 2022","Maksudnya itu buat mempermudah wisman muslim kakak, soalnya pangsa pasarnya besar. Prancis yg mbahnya tujuan wisata dunia aja menggalakkan tu wisata halal, tenang aja kak, tujuannya bukan buat islamisasi bali tapi membantu usaha pariwisata di bali,."
37,2022-02-02T11:59:20.000Z,"Tn. Denay
@denysumargolite
Â·
Feb 2, 2022","Menikungmu, kerumahmu untuk menikahimu
Kemudian liburan di bali. Punya anak dua.
Rumah mewah, kendaraan punya masing2.
Hidup bahagia di yogyakarta....
Itu kan, itu kan yg anda ingin dengar.."
38,2022-02-02T11:55:43.000Z,"Ki Samber Edan
@mbahndi
Â·
Feb 2, 2022",Ke Bali terus ke Night Club? Saya pikir ke Bali buat ke Pantai atau Ke Ubud buat semedi
39,2022-02-02T11:55:22.000Z,"fbx
@Plon_tanxx
Â·
Feb 2, 2022","Haha di bali kan pada sekalian liburan,sayang kalo di bali cuma diem di hotel sama latihan doang mah(fikiran mereka) wkwk"
40,2022-02-02T11:40:55.000Z,"RizkyOmi
@omi_rizky
Â·
Feb 2, 2022","Hati hati covid di bali naik lagi, niat liburan di villa eh malah karantina kan tidak lucu"
41,2022-02-02T11:33:00.000Z,"Stewie Jr.
@stewiegriff_
Â·
Feb 2, 2022","Ing tawang enken kaden 
Ibane makse wisata Bali pang harus halal 
Jeleme enken kaden"
42,2022-02-02T11:32:42.000Z,"kupit
@kupitoy
Â·
Feb 2, 2022","Ibu gue ngajakin road trip ke bali mobilan konvoi sm keluarga besan, mon maap gue n 
@galihwahyub
 nyerah lambaikan tangan.. pedes cuy ni pantat "
43,2022-02-02T11:22:21.000Z,"Stewie Jr.
@stewiegriff_
Â·
Feb 2, 2022","Dan tamu dari Arab banyak bgt yg dateng ke Bali. Padahal ga ada embel-embel wisata halal.
Mau sholat juga banyak mushola atau masjid. Kadang tamu saya yg muslim ga ribet nanyain tempat ibadah krn mereka bisa beribadah dimana aja."
44,2022-02-02T11:21:21.000Z,"ROGALI1945
@rogali1945
Â·
Feb 2, 2022","Selagi kompetisi berhenti segera perbaiki sistem bubble yg saat ini tak tegas diterapkan, beri aturan tegas terhadap pemain dan official yang sering keluyuran, pastikan para pemain yang terpapar pulih keseluruhan, jika perlu pindah venue kompetisi dari Bali kembali ke pulau Jawa."
45,2022-02-02T11:21:21.000Z,"ROGALI1945
@rogali1945
Â·
Feb 2, 2022","Selagi kompetisi berhenti segera perbaiki sistem bubble yg saat ini tak tegas diterapkan, beri aturan tegas terhadap pemain dan official yang sering keluyuran, pastikan para pemain yang terpapar pulih keseluruhan, jika perlu pindah venue kompetisi dari Bali kembali ke pulau Jawa."
46,2022-02-02T11:06:15.000Z,"Bukan Yayat
@ajisetiajie
Â·
Feb 2, 2022",Kalimantan we atuh..lain alesan genjot pariwisata..bali mah loba turis na ge
47,2022-02-02T11:05:29.000Z,"Stewie Jr.
@stewiegriff_
Â·
Feb 2, 2022",Bali itu mayoritas Hindu. Salah satu pulau di Nusantara yg masih mempertahankan adat dan istiadatnya dari nenek moyang. Ya jelas kalo mau bawa- bawa wisata halal kesini ya ga akan cocok dan akan ditentang oleh masyarakat.
48,2022-02-02T11:01:40.000Z,"Contact Center AP II
@contactap2
Â·
Feb 2, 2022","Halo kak, informasi penerbangan saat ini sesuai SE Satgas Covid-19 No. 22 Tahun 2021 dan SE Kemenhub No. 96 Tahun 2021 untuk penerbangan dari/ke daerah di wilayah Pulau Jawa dan Bali wajib menggunakan RT-PCR dengan (1/2) -Imam"
49,2022-02-02T11:00:08.000Z,"Selfia Ana
@Self_An
Â·
Feb 2, 2022","Kalo muslim Indo ato malay sih gak ngaruh krn di bali pake bhs Indonesia. Kalo muslim yg gak bisa bhs Indo ato melayu dapat infonya yg gampang gimana? 

Dan gak cuma makanan tp juga informasi tempat shalat, sehingga turis gak repot cari2 dan tanya2"
50,2022-02-02T10:57:50.000Z,"Stewie Jr.
@stewiegriff_
Â·
Feb 2, 2022","Yg dipermasalahin apa, yg dibahas sama dia apa.
Org ngomongin kelakuan org latah swab yg bisa bikin Bali batal buka buat turis mancanegara, dia malah bawa sekulerisme dan hubungannya sama wisata ke Turki yg jelas2 sangat sekuler "
51,2022-02-02T10:57:28.000Z,"Contact Center AP II
@contactap2
Â·
Feb 2, 2022","Halo kak, informasi penerbangan saat ini sesuai SE Satgas Covid-19 No. 22 Tahun 2021 dan SE Kemenhub No. 96 Tahun 2021 untuk penerbangan dari/ke daerah di wilayah Pulau Jawa dan Bali wajib menggunakan RT-PCR dengan (1/2) -Imam"
52,2022-02-02T10:55:51.000Z,"djikatjikatelahbicara
@initjika21
Â·
Feb 2, 2022","Kirim macbook ke Bali, ga lulus xray d bandara kenapa ya Padahal dl perjalanan Dinas gue ketekin gpp.
Apa Karena masuk bagasi terus bisa meledak atau gimana sih"
53,2022-02-02T10:45:24.000Z,"ğŸ†„ğŸ…½ğŸ…¸ğŸ…µğŸ†ğŸ…¼
@WAHYU_UNIFORM
Â·
Feb 2, 2022","Melihat standard daerah lain di +62 kok dari satu sudut, Bali.
Jelas2 adat & standard norma kesopanan setiap daerah berbeda2

Namanya memaksakan pola pikir klo spt itu..

Blajar lg lah yg namanya keragaman budaya dan adat nusantara"
54,2022-02-02T10:35:04.000Z,"Tanyarl ã…¡ Dilarang
@tanyakanrl
Â·
Feb 2, 2022"," guys, jd aku mau nagih utang temenku dari desember belom balik, kmaren Januari aku tagih katanya belom ada duid garaÂ² dibuat pergi ke bali. Sekarang mau nagih gaenak bgt tiap aku tagih selalu mundur. Gmn ya, tia"
55,2022-02-02T10:30:34.000Z,"Ida Basukih
@ib_ost
Â·
Feb 2, 2022","ada banyak destinasi wisata baru yang berkembang belakangan ini, hampir di seluruh kabupaten di Bali. biasanya dibagi 3, wisata pantai, wisata gunung dan wisata religi."
56,2022-02-02T10:26:03.000Z,"blnda
@socbitterfly
Â·
Feb 2, 2022",niat liburan ke bali buat ilangin stress eh pulang2 bawa stress wkwk.
57,2022-02-02T10:22:11.000Z,"E. Setyo
@ercsty
Â·
Feb 2, 2022","Gawe pertandingan nang Bali mah motivasine liburan, udu mengasingkan diri, ra heran nek mulai brrmasalah, sistem bubble ga jalan"
58,2022-02-02T10:15:48.000Z,"Rajatrip.com
@raja_trip
Â·
Feb 2, 2022","Paket Liburan ke Bali, Kuala Lumpur, Singapore, Bangkok, Hong Kong mulai dari 1,7jt/orang !! Contact Us : BBM : 746826BB"
59,2022-02-02T10:13:59.000Z,"Niken Sabila
@NikenSabila__
Â·
Feb 2, 2022","Kini, kata Sandiaga, wisatawan itu telah menikmati liburan di Bali."
60,2022-02-02T10:11:41.000Z,"EPO/PO CB TREASURE DP 180K (co bisa pilih web)
@gohallyu_id
Â·
Feb 2, 2022",kai aku ada 70k nih minus foto pola+photo film. Pengiriman bisa cirebon/bali. Ridi ina
61,2022-02-02T10:08:32.000Z,"RIKE SANTOSOSA ID 0000001
@RikeSants
Â·
Feb 2, 2022",Justru yg cantik dr Bali adalah budaya dan alamnya. Paling suka eksplore kedaerah2 dan lihat semua budayanya Bali . Semoga Bali segera pulih 
62,2022-02-02T10:04:28.000Z,"CNAP
@Quackinlouder_
Â·
Feb 2, 2022",main di bali kalah jadi ajang liburan 
63,2022-02-02T09:58:45.000Z,"Alodia alva
@Pipichuby5
Â·
Feb 2, 2022","yeay finally aku bisa mencapai mimpi-mimpi ku. Aku bisa membeli apapun tanpa melihat harga, aku bisa keliling dunia, aku bisa pulang pergi bali. Bahkan punya rumah impian disana yang ada kolam berenang nya. Aku ngak pernah kesulitan dan kekurangan uang."
64,2022-02-02T09:54:17.000Z,"WJ
@temannyamalam
Â·
Feb 2, 2022","Niat awal venue series 4 di Bali juga sebenernya agak maksain sih,kalau memang buat naikin wisata kudu na mah ada aturan mengikat oge sih keur atlet lain hanya nyari cuan na hungkul."
65,2022-02-02T09:52:27.000Z,"Im Yoona
@The_Yoona
Â·
Feb 2, 2022",YoonA memilih Pulau BALI sebagai tempat bulan madunya. #yoona
66,2022-02-02T09:50:42.000Z,"WJ
@temannyamalam
Â·
Feb 2, 2022","Terlalu di biarkan pemain professional teh,ari geus kieu mah kan malah jadi boomerang.

Iya sih Bri Liga 1 series 4 di Bali buat naikin wisatawan tapi yaa kalau tanpa aturan tegas soal pembatasan dan aturan pembatasan perjalanan atau pembatasan mobilitas yaa Sama saja bohong."
67,2022-02-02T09:54:17.000Z,"WJ
@temannyamalam
Â·
Feb 2, 2022","Niat awal venue series 4 di Bali juga sebenernya agak maksain sih,kalau memang buat naikin wisata kudu na mah ada aturan mengikat oge sih keur atlet lain hanya nyari cuan na hungkul."
68,2022-02-02T09:52:27.000Z,"Im Yoona
@The_Yoona
Â·
Feb 2, 2022",YoonA memilih Pulau BALI sebagai tempat bulan madunya. #yoona
69,2022-02-02T09:50:42.000Z,"WJ
@temannyamalam
Â·
Feb 2, 2022","Terlalu di biarkan pemain professional teh,ari geus kieu mah kan malah jadi boomerang.

Iya sih Bri Liga 1 series 4 di Bali buat naikin wisatawan tapi yaa kalau tanpa aturan tegas soal pembatasan dan aturan pembatasan perjalanan atau pembatasan mobilitas yaa Sama saja bohong."
70,2022-02-02T09:50:34.000Z,"Stewie Jr.
@stewiegriff_
Â·
Feb 2, 2022",Bali ga butuh alat sweb. Bali butuh turis lagi agar bisa kembali seperti semula.
71,2022-02-02T09:46:13.000Z,"Uun Mangunah
@uun__m
Â·
Feb 2, 2022",Luweh sayah ale nangis timbang ale tes perjalanan  bali jam 3 mbengi-ne
72,2022-02-02T09:42:30.000Z,"Stewie Jr.
@stewiegriff_
Â·
Feb 2, 2022","Counterbacknya cuma bisa sekedar begitu.
Dibilang katanya saya pro bule non prokes.
Lah Bule2 Bali mayoritas tinggalnya dmn emg? Ya satu area dengan tempat favorit para turis dari Jakarta kok

Silakan telan ludah sendiri"
73,2022-02-02T09:33:17.000Z,"Alan Septyawan
@alanseptyawan
Â·
Feb 2, 2022",Geus puguh federasi jeung operatorna bobrok. Cik pemain maneh mah rada ka mikir. Ka Bali tong kalah liburan ka tempat umum.
74,2022-02-02T09:30:59.000Z,"Alan Septyawan
@alanseptyawan
Â·
Feb 2, 2022","Keur mah operator jeung federasina butut, pemainna oge saruana. Mumpung di Bali jadi weh sakalian liburan. Duka liburan tujuan utamana, maen mah nya geus kitu weh."
75,2022-02-02T09:26:50.000Z,"Adi Nugroho
@AdiNugrooz
Â·
Feb 2, 2022","Namanya juga ""liburan"" gratis.. Bahkan konon kabarnya selama di Bali boleh bawa keluarga... "
76,2022-02-02T09:24:14.000Z,"Saldina Redo
@RedoSaldina
Â·
Feb 2, 2022","Bali OooooOoooo Bali sudah tahu di sana banyak turis masih dipaksakan 
@PSSI
 main di sana padahal di Jatim banyak stadion yg lebih bagus daripada Bali dan banyak Lapangan yg Standar FIFA di Jatim..."
77,2022-02-02T09:16:38.000Z,"Iqbl
@MIBarokah
Â·
Feb 2, 2022",Terkesan dipaksakan karena ada kemuliaan hati dari yth baginda ketum pssi utk membantu membangkitkan wisata di bali 
78,2022-02-02T08:51:56.000Z,"Papau
@papauhehe
Â·
Feb 2, 2022",Bikin reels tiap pergi wkwk ke bali lah ke taman safari lah ke jogja lah cuma buat ditonton ulang2 doang wkwkw
79,2022-02-02T08:49:14.000Z,"b
@bagasmrzky
Â·
Feb 2, 2022",Loba gaya ka bali teh rek maen bola lain rek liburan ecreug! RADA GELO
80,2022-02-02T08:45:37.000Z,"Anastasia Gregoria KH
@grenastasia
Â·
Feb 2, 2022","ya gmn cb bubble system nya se pulau bali mazeh, bukan kayak hotel-tempat latihan-hotel-stadion."
81,2022-02-02T08:40:58.000Z,"Jamesyoung
@sipapahmuda
Â·
Feb 2, 2022","Harus si persib ngerti atuh kebali teh buat kerja main bola sistem buble kok mgebolehin pemainnya bawa motor sendiri bawa keluarga ke bali yang kasus covid lagi naik gini, mau main bola atau liburan, bodo si persib mah klub amatiran kieu"
82,2022-02-02T08:30:50.000Z,"Chan
@Mharisandi
Â·
Feb 2, 2022","Lalagaan sih make hayang maen di bali, apal lah hayang naekeun deui wisata di bali da pamikirna aman...mamam tah!."
83,2022-02-02T08:26:51.000Z,"Rain
@Wafa_teguh
Â·
Feb 2, 2022","Klo gasalah bupati atau gubernur Bali, karna biar wisata bali rame lagi gitu . Sempet baca di ig"
84,2022-02-02T08:19:50.000Z,"S.A.L
@rizkyyyfaisal
Â·
Feb 2, 2022","Liga ngga ada uring-uringan katanya Pemain butuh pemasukan, Giliran dimulai supporter udah tertib hampir ngga ada yang maksain ke stadion eh pemainnya seenak udel, Main di Bali bawa Keluarga+Pacar. Ketemu temen di club dan pantai tanpa prokes."
85,2022-02-02T08:10:47.000Z,"@satrioajie
Â·
Feb 2, 2022","Saya Jogja, Istri Bandung, Anak Banyuwangi, Skrg tinggal di Malang.. Kota Wisata semua, eh skrg ada offering ke Bali. 

Take it or Leave it?"
86,2022-02-02T07:59:28.000Z,"mu
@mubarekalsyaban
Â·
Feb 2, 2022","Yang ingin venue seri 4 di bali sih emang goblok nya natural :))))
Alih-alih ingin potensi wisata naik malah amburadul semuanya :)) 
Goblok"
87,2022-02-02T07:57:39.000Z,"key_adalahkoentji
@key_miftah
Â·
Feb 2, 2022",curiga tadina mah sakalian mempromosikan Bali sebagai destinasi wisata geus aman meureun.
88,2022-02-02T07:55:02.000Z,"Asep golejra
@undefined_022
Â·
Feb 2, 2022","Ges pinah tong di bali, kangeunaha atuda pemain teh sakalian liburan.."
89,2022-02-02T07:57:39.000Z,"key_adalahkoentji
@key_miftah
Â·
Feb 2, 2022",curiga tadina mah sakalian mempromosikan Bali sebagai destinasi wisata geus aman meureun.
90,2022-02-02T07:55:02.000Z,"Asep golejra
@undefined_022
Â·
Feb 2, 2022","Ges pinah tong di bali, kangeunaha atuda pemain teh sakalian liburan.."
91,2022-02-02T07:52:01.000Z,"ALben Darmansyah
@AL_ben48
Â·
Feb 2, 2022","Maen di bali malah pada liburan 
Liga 1 pindahin ke jawa lg aja 
@PSSI"
92,2022-02-02T07:46:38.000Z,"F
@fhmbobna
Â·
Feb 2, 2022","Apalagi dengan kejadian beberapa klub pas libur pertengahan musim ada yang ijinin pemain liburan keluar dari hotel tempat bubble tim.

Ya, dikasih ijin gitu di Bali tahu sendiri bakal gimana kan? Pasti happy bener dapat kesempatan main di Bali dan liburan juga di Bali."
93,2022-02-02T07:30:01.000Z,"CEO Schutzstaffel of Kamp Rahayu
@zucowi
Â·
Feb 2, 2022","Gw cuma bisa ketawa aja bali skrg sepi, krn dulu pernah sombong nolak turis lokal sm wisata halal."
94,2022-02-02T07:26:14.000Z,"Iproject
@junianihsan
Â·
Feb 2, 2022","Teori konspirasi:

Sudah jelas Bali merupakan pusat wisata di Indonesia. Siapa yang tidak tergiur dengan keindahan pulau dewata? Tak terkecuali para pemain bola liga 1, yang saat ini berada di Bali, ya meskipun sudah di peringatkan untuk mematuhi segala prokes... 
#persibday"
95,2022-02-02T07:11:34.000Z,"AIGF
@jhonoshock_9
Â·
Feb 2, 2022","Udah tau bali tujuan wisata internasional  dan virus itu dari luar negri .kenapa tempat pertandingan tetep disana??? 
@PSSI
  @pt_lib
 alhasil begini banyak yg tertular covid"
96,2022-02-02T06:51:47.000Z,"Ismail rizal pohan
@Ismailrizal04
Â·
Feb 2, 2022",Saya akhir taun kmren Liburan Ke Bali via darat Bli dengan Anak & istriâ€¦kami kelilingi Bali setiap libur akhir Tahun dan selalu keliling â€¦.Kasar nya perkataan Bli tidak baik untuk Baliâ€¦Sabar Bliâ€¦tutur kata nya tidak Harus maki2â€¦Masyarakat Bali terkenal Ramah 
97,2022-02-02T06:38:51.000Z,"nuke
@nukegunarto
Â·
Feb 2, 2022","atau apapun semacam itulah, intinya jangan sombong seolah olah turis lokal mau diperlakukan seburuk apapun tetap akan ke bali. hadeh, miskin etika. mana ngeyel dan ga mau terima kritik pula."
98,2022-02-02T06:38:50.000Z,"nuke
@nukegunarto
Â·
Feb 2, 2022","kalimat tersebut menunjukkan betapa arogan bin sombongnya si pembuat kalimat. kalau memang ingin tau bad experience turis lokal, lebih baik bertanya dengan kalimat yang lebih bijaksana misalnya â€œadakah yang pernah diperlakukan buruk saat berwisata ke bali? yuk cerita ke mimin.â€"
99,2022-02-02T06:35:25.000Z,"adyfo
@adryadyfo
Â·
Feb 2, 2022",Bubble-nya se pulau kayaknya mas. Asal gak keluar pulau Bali. 
100,2022-02-02T06:31:03.000Z,"Mahendra Praptiasaâ„¢
@MPraptiasa
Â·
Feb 2, 2022",Yang bisa pergi ke Bali
101,2022-02-02T06:28:11.000Z,"Crazy Rid
@RidsMaulana
Â·
Feb 2, 2022",Untung aku udah foto bareng vino di Bali
102,2022-02-02T06:14:24.000Z,"danish â˜†å½¡
@16CFFE
Â·
Feb 2, 2022",nak pergi bali doh
103,2022-02-02T06:11:24.000Z,"Wawan Polapa
@wanpoll
Â·
Feb 2, 2022","Trip kali ini bener2 makin betah stay di Bali, ga mau balik Jkt please tolong banget"
104,2022-02-02T06:08:43.000Z,"Stewie Jr.
@stewiegriff_
Â·
Feb 2, 2022","Kenapa juga wisatawan asing seringkali lebih dihargai daripada lokal?

Karena lokal seringkali maunya murah, terus kadang juga kurang suka sama wisata alam disini.

Beda dgn mayoritas wisatawan asing yg emg mereka mau spending berapapun itu yg penting mereka enjoy Bali seutuhnya"
105,2022-02-02T06:06:28.000Z,"Agus Widodo
@arwidodo
Â·
Feb 2, 2022",Banyak opsi wisata sekarang. Ga mesti ke Bali
106,2022-02-02T06:03:34.000Z,"acha
@littlemeowgurl
Â·
Feb 2, 2022",liburan kesana sm ke bali mahalan liburan ke bali:(
107,2022-02-02T05:56:39.000Z,"Stewie Jr.
@stewiegriff_
Â·
Feb 2, 2022","Cuma Bule yg boleh menikmati Bali

Heyyy buka matanya bung!!! Saya udah lihat sendiri pada kenyataannya wisdom, terutama yg dari Jakarta emg ga ada yg tertarik dengan wisata alam dan budaya.

Alasannya klasik: Seram, menakutkan"
108,2022-02-02T05:54:38.000Z,"Pacej23
@JeckyWelikin
Â·
Feb 2, 2022","Foto lama bang.. 
waktu ada kegiatan di Bali 2019"
109,2022-02-02T05:52:55.000Z,"#NyallakanPSSI
@omhansss
Â·
Feb 2, 2022",Nih orang bego apa begimana sih? Bukannya swab kewajiban ya buat terbang ke Bali? Trus kok bisa gegara swab satu pulau jadi kesusahan.
110,2022-02-02T05:47:42.000Z,"aliyaa
@birusoobinie
Â·
Feb 2, 2022",Aku ga suka ke bali karena aku harus pake hand body terus2 an...enak ke malang atau ke Pacitan kalo mau ke pantai
111,2022-02-02T05:47:42.000Z,"aliyaa
@birusoobinie
Â·
Feb 2, 2022",Aku ga suka ke bali karena aku harus pake hand body terus2 an...enak ke malang atau ke Pacitan kalo mau ke pantai
112,2022-02-02T05:37:43.000Z,"Your Bae
@sclawkwrd
Â·
Feb 2, 2022",Ini fokus nyalahinnya perkara latah tesnya atau perkara nggak prokes selama liburan di Bali?
113,2022-02-02T05:33:58.000Z,"reyna
@ldreyna_
Â·
Feb 2, 2022",H+1 plng dri bali udah ngangngong mau ngapain lgi ya.. biasanya jam segini di mobil jdi dj sepanjang perjalanan sambil nanyain mau req lagu apa
114,2022-02-02T05:23:22.000Z,"Pemerintah Kota Denpasar
@DenpasarKota
Â·
Feb 2, 2022","Bulan Bahasa Bali ini diharapkan memberikan manfaat bagi masyarakat. Serta dapat menumbuhkan semangat untuk melestarikan dan mengembangkan Bahasa, Aksara, Sastra Bali sebagai warisan budaya.
via 
@RPKD926FM
 

#bulanbahasabali #bulanbahasabali2022 #denpasarkora #RPKD926FM"
115,2022-02-02T05:11:20.000Z,"ğ¦ğšğ«
@affahiyahh
Â·
Feb 2, 2022","Pengen pake kebaya Bali plus sanggulnya trs foto sama pengen bgt bisa nari tarian Bali dgn lancar. Bisa 2 tarian ya walaupun ga lancar krn bljr scr autodidak, tp pengen diperlancar lg dgn cara bljr :( di semarang ga ada :"" pengen bljr Tari Legong Kraton Lasem jg "
116,2022-02-02T05:11:19.000Z,"@angkasapura172
@angkasapura172
Â·
Feb 2, 2022","Siang saabat, saat ini pelaku perjalanan dari dan ke Pulau Jawa - Bali termasuk rute Bengkulu - Jakarta, termasuk rute BKS-CGK dapat menunjukkan hasil negatif tes RT-PCR max 3x24 dgn sertifikat vaksin min dosis pertama atau hasil negatif tes Rapid Antigen max 1x24 jam (1)"
117,2022-02-02T04:54:27.000Z,"Stewie Jr.
@stewiegriff_
Â·
Feb 2, 2022","Lah km minta wisata halal
Terus tiba2 nyalahin masalah org Bali yg ga menghargai org lokal.

Apa hubungannya dgn wisata halal?"
118,2022-02-02T04:47:24.000Z,"Khat_
@chatno23
Â·
Feb 2, 2022","Perasaan dulu persib pernah bikin pengumuman mantan pemainya Wander Luiz positif C-19 ya mbah...
Tapi kenapa sekarang malah ky di tutup""in??

Dulu juga positif gara"" lg liburan di Bali kalo ga salah."
119,2022-02-02T04:46:23.000Z,"Stewie Jr.
@stewiegriff_
Â·
Feb 2, 2022","Mau wisata halal kenapa kenapa ga daerah lain aja yg mulai duluan, yg mayoritasnya muslim? Ngapain harus Bali yg disuruh?
Mbak @JLau889 tlg ini "
120,2022-02-02T04:38:02.000Z,"Stewie Jr.
@stewiegriff_
Â·
Feb 2, 2022","Trus?
Do we need to care?
Coba mbak @JLau889 ini di training dulu katanya Bali butuh wisata halal"
121,2022-02-02T04:36:19.000Z,"princess tika chu*
@nomu_yeppeo
Â·
Feb 2, 2022","Ninih ketahuan kan kelakuan ke Bali cuma mau berbuat dosa tanpa penghakiman, alesannya budaya Bali."
122,2022-02-02T04:32:40.000Z,"Stewie Jr.
@stewiegriff_
Â·
Feb 2, 2022","Yaudah tspi gausah bego dan idiot dengan dikit2 parno terus sweb segala dan akhirnya nyusahin satu pulau.
Ente bagian dari rakyat yg seneng satu pulau Bali sengsara mulu ya?"
123,2022-02-02T04:32:31.000Z,"Aldie Blur
@AldieBlur
Â·
Feb 2, 2022",Semoga lekas (-) ayo ta taat prokes e sampean nang bali iku kerjo guduk liburan... 
124,2022-02-02T04:27:16.000Z,"Stewie Jr.
@stewiegriff_
Â·
Feb 2, 2022",Bali memang gamau latah bikin wisata halal. Kita menentang itu
125,2022-02-02T04:18:18.000Z,"Wiarpiz
@wiar_piz
Â·
Feb 2, 2022",Pulau Dewata Bali merupakan 1 dari 10 pulau paling romantis di dunia. [majalah Travel+Leisure]
126,2022-02-02T04:12:18.000Z,"IndahSyahrani
@indhsyh04
Â·
Feb 2, 2022","liburan ke bali, tp gak niat foto soalnya panas pake banget"
127,2022-02-02T04:00:20.000Z,"kagak tau dah
@shuabeey
Â·
Feb 2, 2022","turki tuh murah. alesan kenapa gue milih turki karena biaya hidupnya jg gak terlalu mahal kaya korea dan jepang. juga, turki mirip sama bali. kotanya rame sama turis karena itu yg jadi pendapatannya mereka."
128,2022-02-02T03:58:36.000Z,"CatatanAli7
@Catatan_ali7
Â·
Feb 2, 2022","Bukan media sih sebenernya yg disalahkan dithread itu manusia manusia yg habis liburan kebali langsung positif covid dan yg terdampak pasti bali

Karna yg klaim positif kebanyakan influen atau artis jd berdampak pada nama baik bali"
129,2022-02-02T03:48:20.000Z,"Bokem AOT, Cecilia
@songyupqi
Â·
Feb 2, 2022","Dewi Sri (bahasa Jawa: ê¦¢ê¦ºê¦®ê¦¶ê¦±ê¦¿ê¦¶; Dewi Sri, bahasa Bali: á¬¤á¬¾á¬¯á¬¶á¬²á­„á¬­á¬¶; Dewi Sri, bahasa Sunda: á®‘á®¤ á®•á®§á® á®á®¤; Nyi Pohaci, bahasa Bugis: á¨”á¨•á¨Šá¨á¨—á¨•á¨Šá¨á¨”á¨™á¨‘á¨‘á¨—; Sangiang Serri) adalah dewi padi di pulau Jawa, Bali, Lombok dan Sulawesi."
130,2022-02-02T03:28:46.000Z,"okka wiranata
@okka_wiranata
Â·
Feb 2, 2022","punya waktu liburan cm 3 hari, jadwal padat. malem2 party, pagi gaya2an sunrisean, tidur kurang, kondisi cuaca panas hujan ga tentu, udh pasti drop say, trus tes aman terbang, sampe jkt sakit, tes lg trus positip, tulis story : klo liburan ttp prokes guys, gw baru plng dari Bali"
131,2022-02-02T03:27:48.000Z,"Anfield boyz
@BoyzAnfield
Â·
Feb 2, 2022","Pindah venue..jangan milih pulau jawa dan bali lgi psti lonjakan tertinggi bakal disitu.
Sistem bubblenya yah bner2 diterapin"
132,2022-02-02T03:28:46.000Z,"okka wiranata
@okka_wiranata
Â·
Feb 2, 2022","punya waktu liburan cm 3 hari, jadwal padat. malem2 party, pagi gaya2an sunrisean, tidur kurang, kondisi cuaca panas hujan ga tentu, udh pasti drop say, trus tes aman terbang, sampe jkt sakit, tes lg trus positip, tulis story : klo liburan ttp prokes guys, gw baru plng dari Bali"
133,2022-02-02T03:27:48.000Z,"Anfield boyz
@BoyzAnfield
Â·
Feb 2, 2022","Pindah venue..jangan milih pulau jawa dan bali lgi psti lonjakan tertinggi bakal disitu.
Sistem bubblenya yah bner2 diterapin"
134,2022-02-02T03:25:00.000Z,"MNC Trijaya 104.6 FM
@mnctrijaya
Â·
Feb 2, 2022","Relation Manager PT Angkasa Pura I Bandara Internasional I Gusti Ngurah Rai Bali Taufan Yudistira menyatakan bahwa pihaknya beserta seluruh stakeholder telah melakukan persiapan fasilitas dan pelayanan untuk menyambut Pelaku Perjalanan Luar Negeri dengan maksimal. 

#MNCTrijaya"
135,2022-02-02T03:19:04.000Z,"sukakontenproduktif - 1/100
@ziliyan
Â·
Feb 2, 2022",Selamat datang di Bali & selamat menikmati liburan menyenangkan di sini kak 
136,2022-02-02T03:14:21.000Z,"Imam Wibowo
@Imam_Wibowo
Â·
Feb 2, 2022","Omicron naik, BOR RS naik dan Bali plus KePri akan segera dibuka untuk turis internasional. SQ aja nyusul Qatar udah siapin flight ke Ngurah Rai.

Ya sudah lah kita jaga diri masing2 aja ya gaes!"
137,2022-02-02T03:07:37.000Z,"ğ•‹ğ• ğ• ğ•’ğ•¥ ğ•Šğ•œğ•šğ•ğ•-ğŸ˜
@theo12_ini
Â·
Feb 2, 2022","hera di kuala namu poto on hubereng ito. sian medan tu bali , selamat menikmati perjalanan dan liburan di bali ma ito. GBU "
138,2022-02-02T03:01:21.000Z,"rayhan
@southernstream
Â·
Feb 2, 2022","ga betah di bali, pengen balik pulau jawa lou"
139,2022-02-02T02:48:37.000Z,"sana | multi
@hermioneera
Â·
Feb 2, 2022",tipe orang yang kalo ke bali pasti ngajak foto bule. norak dan malu maluin bgt untung ga punya temen kek gitu 
140,2022-02-02T02:39:12.000Z,"putrri
@putr1_s
Â·
Feb 2, 2022","Bali memiliki situs arkeologi bersejarah mirip Petra di Jordania selatan, yaitu situs Candi Gunung Kawi."
141,2022-02-02T02:34:07.000Z,"Yu Jam Ai Jam î¨€
@HenryApek
Â·
Feb 2, 2022",Pantai bebas itu maksudnya kekmana? Bebas berpakaian kek Bali?
142,2022-02-02T02:08:46.000Z,"@setiawan80
@setiawan8010
Â·
Feb 2, 2022",yakin baby bali akan jadi koin besar...dan di kenal luas...seperti hny pulau bali di kenal di seluruh dunia....
143,2022-02-02T02:06:24.000Z,"Stewie Jr.
@stewiegriff_
Â·
Feb 2, 2022","embul. Org domestik banyakan ga peduli kontol sama pariwisata budaya di Bali. Yg penuh cuma tempat dugem, bitch club kekinian. Tapi semua yg berbau budaya dan seni MATI. Makanya ini yg bikin males sama turis domestik"
144,2022-02-02T02:04:12.000Z,"Tiwik-17
@HariPratiwi
Â·
Feb 2, 2022","I support for the reopening Bali for international tourists, mungkin malah baiknya yg dibatasi domestik turis yg ke bali kalo mmg kelakuannya merugikan"
145,2022-02-02T01:52:02.000Z,"binnend
@euzwagerii
Â·
Feb 2, 2022",ngeliat circle influencer yang liburan bareng ke bali pada ngevlog sendiri2 kek mereka enjoy liburan beneran ga si? atau abis waktunya buat ngevlog doang?
146,2022-02-02T01:39:49.000Z,"gaby
@gbyshn
Â·
Feb 2, 2022",kayaknya sih ini pantai di Bali
147,2022-02-02T01:03:03.000Z,"Bukan Aku
@ayucahyaningg
Â·
Feb 2, 2022","Dikasih golden ticket sama temen buat liburan ke Bali pertengahan Februari, tinggal berangkat orang tok. Semuanya ditanggung
Tapi kok ya mager bgt 
Jiwa rebahan ples ngedrakorku menolak berangkat "
148,2022-02-02T01:00:09.000Z,"BALI BASE
@TimpalBali
Â·
Feb 2, 2022",/kle ada yg punya experience perjalanan bali-jakarta by train ga? boleh nanyaÂ². thank youuu
149,2022-02-02T00:51:32.000Z,"ms_atiek
@ms_atiek
Â·
Feb 2, 2022",Udah lah karantina taruh di Bali aja supaya bisa direct dari luar. Kenapa sik. Mau sekalian nunggu tenggelam ini satu pulau? 
150,2022-02-02T00:50:57.000Z,"Kiki N
@kiknovr
Â·
Feb 2, 2022",Terakhir interview kemarin malah ngomongin Bali.... yang entah gimana ceritanya jadi ngomongin pantai lanjut ngomongin Bali pdhl gaada konteks samsek dlm kerjaan
151,2022-02-02T00:39:02.000Z,"Riri Pening
@iripann
Â·
Feb 2, 2022","Hurmm Malaysia ni bila nak lift up quarantine 5 hari balik oversea tu. Buat lah dengan negara negara asean VTL kan nak pergi Krungtep, Bali, dan banyak lagi "
152,2022-02-01T23:51:10.000Z,"Moonchild
@windaac
Â·
Feb 2, 2022",Rasanya mau liburan full di bali trs ga kerja tp ttp dapet duit gmn ya?
153,2022-02-01T22:35:50.000Z,"ã„¹ã…ˆã…ã…Š
@sowblak
Â·
Feb 2, 2022","Weh dah mulai? Yg di Bali itu? Btw di foto profilmu ini, kenapa aku merasa melihat jaemin "
154,2022-02-01T20:15:49.000Z,"Rajatrip.com
@raja_trip
Â·
Feb 2, 2022","Paket Liburan ke Bali, Kuala Lumpur, Singapore, Bangkok, Hong Kong mulai dari 1,7jt/orang !! Contact Us : BBM : 746826BB"
155,2022-02-02T01:00:09.000Z,"BALI BASE
@TimpalBali
Â·
Feb 2, 2022",/kle ada yg punya experience perjalanan bali-jakarta by train ga? boleh nanyaÂ². thank youuu
156,2022-02-02T00:51:32.000Z,"ms_atiek
@ms_atiek
Â·
Feb 2, 2022",Udah lah karantina taruh di Bali aja supaya bisa direct dari luar. Kenapa sik. Mau sekalian nunggu tenggelam ini satu pulau? 
157,2022-02-02T00:50:57.000Z,"Kiki N
@kiknovr
Â·
Feb 2, 2022",Terakhir interview kemarin malah ngomongin Bali.... yang entah gimana ceritanya jadi ngomongin pantai lanjut ngomongin Bali pdhl gaada konteks samsek dlm kerjaan
158,2022-02-02T00:39:02.000Z,"Riri Pening
@iripann
Â·
Feb 2, 2022","Hurmm Malaysia ni bila nak lift up quarantine 5 hari balik oversea tu. Buat lah dengan negara negara asean VTL kan nak pergi Krungtep, Bali, dan banyak lagi "
159,2022-02-01T23:51:10.000Z,"Moonchild
@windaac
Â·
Feb 2, 2022",Rasanya mau liburan full di bali trs ga kerja tp ttp dapet duit gmn ya?
160,2022-02-01T22:35:50.000Z,"ã„¹ã…ˆã…ã…Š
@sowblak
Â·
Feb 2, 2022","Weh dah mulai? Yg di Bali itu? Btw di foto profilmu ini, kenapa aku merasa melihat jaemin "
161,2022-02-01T20:15:49.000Z,"Rajatrip.com
@raja_trip
Â·
Feb 2, 2022","Paket Liburan ke Bali, Kuala Lumpur, Singapore, Bangkok, Hong Kong mulai dari 1,7jt/orang !! Contact Us : BBM : 746826BB"
162,2022-02-01T19:18:53.000Z,"Sandraalaydrus
@sandrapude
Â·
Feb 2, 2022",pengen liburan ke bali
163,2022-02-01T19:09:15.000Z,"Ecis
@cassiacashh
Â·
Feb 2, 2022",Ebuset wis suwi tenan yoh dek ra bali? Iyaa dek insyaallah bulan 5 iki. Lagi persiapan iki. Wadohhhh sopo sing ngomong? Masih dong balik indo tapi paling liburan dek. Semoga wae corona ra parah2 banget dadi iso balik 
164,2022-02-01T18:20:09.000Z,"June _ mention after DM please
@ohmymochie
Â·
Feb 2, 2022","Ada jk, jin ,jimin, rm dan suga

Foto mnyusul besok nder
Dom bali"
165,2022-02-01T18:13:49.000Z,"Syalala
@syaallalaaa
Â·
Feb 2, 2022","Lebih murah dr pada trip ke jawa bali kemaren, yaampun harusnya honeymoon kesini. Knp dulu ga tau "
166,2022-02-01T18:09:46.000Z,"winter
@minepage1
Â·
Feb 2, 2022",hm tari bali keren sih tapi sepertinya lumayan banyak yg tau
167,2022-02-01T17:11:52.000Z,"domikado
@Kang_Makelar
Â·
Feb 2, 2022","Turkiye ini hampir jungkel emang selama pandemi + inflasi, rakyat mereka hidup emang dari wisata, mirip bali lah"
168,2022-02-01T17:10:01.000Z,"NCIT â™¡
@eatjin_id
Â·
Feb 2, 2022",Ongkirnya kek dari pulau jawa ke bali 
169,2022-02-01T17:03:17.000Z,"Cain
@devilcain666
Â·
Feb 2, 2022","ketemuan di surabaya trus jalan2 ke banyuwangi liat arsitektur, ke alas purwo, kawah ijen, nginep di hotel deket pantai sambil ngerencanain next trip kita ke bali"
170,2022-02-01T16:23:03.000Z,"A big fan of Basils î¨€
@raaiin03
Â·
Feb 1, 2022","Tadi pas perjalanan pulang ke rumah, singgah di penjual jeruk Bali, niat hati pengen beliin Papa (he like Jeruk Bali so much), trus pas udah bayar baru inget kalau Papanya udah gada hehehe :')"
171,2022-02-01T15:53:50.000Z,"malenia
@kejuus
Â·
Feb 1, 2022",iya kaya gw harus tau mau belajar buat utbk apa liburan ke bali aja langsung
172,2022-02-01T15:53:39.000Z,"Danu
@danzega18
Â·
Feb 1, 2022",Apakah Ketum PSSI dan Ketua LIB tidak bisa bertanggung jawab ? Kalo banyak pemain kena Covid pasti merugikan pemain dan klubnya. Kenapa maksa banget harus di Bali ? Ada apa sama Bali ? Kenapa ga balik lagi ke pulau Jawa ?
173,2022-02-01T15:50:27.000Z,"Dewa Arya
@08Serdadu
Â·
Feb 1, 2022",Hahaha gpp bos...pulau Bali disalahkan...santuy aja...sudah biasa 
174,2022-02-01T15:39:50.000Z,"Antika
@antikaa01
Â·
Feb 1, 2022",@saaehiduplu keluarkan foto cosplay Barong Bali
175,2022-02-01T15:33:30.000Z,"miawww
@nayerxxx
Â·
Feb 1, 2022","Karna ga banyak yg tau kl masih bisa masuk ke Bali lewat Jakarta kali ya rev. Pas aku flight ke Bali dari Soetta, banyak banget expatnya. Dan mungkin kebanyakan yg emg udah dom di Bali, jadi mereka tau celah buat masuk Bali lg. Kl cuma liburan jd pada nunda karna ngiranya close"
176,2022-02-01T15:07:29.000Z,"neera
@bitchflavor
Â·
Feb 1, 2022","You what hurt the most? Pas lo banting tulamg mikir biaya kuliah, abang lo hari kamis pergi ke bali hura-hura dan beli sling bag coach..

No no no, gue gak minta dikasianin atau dibantu sama dia cuma gue mikir.. Kok gue belom bisa kayak gitu :)"
177,2022-02-01T15:04:10.000Z,"Risa Hardanto
@risahardanto
Â·
Feb 1, 2022",ini di pantai slili gunung kidul. jd ada kafe beach club gt ala2 di bali. seru dan harganya worth it.
178,2022-02-01T14:59:03.000Z,"anak bidan
@tempeultra
Â·
Feb 1, 2022",Mitaaaa ajarin aku tari bali doooooonk!!!
179,2022-02-01T15:50:27.000Z,"Dewa Arya
@08Serdadu
Â·
Feb 1, 2022",Hahaha gpp bos...pulau Bali disalahkan...santuy aja...sudah biasa 
180,2022-02-01T15:39:50.000Z,"Antika
@antikaa01
Â·
Feb 1, 2022",@saaehiduplu keluarkan foto cosplay Barong Bali
181,2022-02-01T15:33:30.000Z,"miawww
@nayerxxx
Â·
Feb 1, 2022","Karna ga banyak yg tau kl masih bisa masuk ke Bali lewat Jakarta kali ya rev. Pas aku flight ke Bali dari Soetta, banyak banget expatnya. Dan mungkin kebanyakan yg emg udah dom di Bali, jadi mereka tau celah buat masuk Bali lg. Kl cuma liburan jd pada nunda karna ngiranya close"
182,2022-02-01T15:07:29.000Z,"neera
@bitchflavor
Â·
Feb 1, 2022","You what hurt the most? Pas lo banting tulamg mikir biaya kuliah, abang lo hari kamis pergi ke bali hura-hura dan beli sling bag coach..

No no no, gue gak minta dikasianin atau dibantu sama dia cuma gue mikir.. Kok gue belom bisa kayak gitu :)"
183,2022-02-01T15:04:10.000Z,"Risa Hardanto
@risahardanto
Â·
Feb 1, 2022",ini di pantai slili gunung kidul. jd ada kafe beach club gt ala2 di bali. seru dan harganya worth it.
184,2022-02-01T14:59:03.000Z,"anak bidan
@tempeultra
Â·
Feb 1, 2022",Mitaaaa ajarin aku tari bali doooooonk!!!
185,2022-02-01T14:55:08.000Z,"@shitdordor
Â·
Feb 1, 2022",Nabung yok nabung. Tahun ini harus liburan ke bali pokoknya!
186,2022-02-01T14:46:59.000Z,"Crazy Rid
@RidsMaulana
Â·
Feb 1, 2022","Bali gak salah kawan
Yang salah itu aturan sistem semi-bubble yang diterapin... 
Sekali lagi, Pulau Bali tak salah soal melonjaknya kasus covid-19... 
Jadi hastag #StopMainDiBali menurutku sangat keliru..."
187,2022-02-01T14:42:18.000Z,"dee
@trashbydee
Â·
Feb 1, 2022",ihh jadi keinget salah satu artikel VICE yang bahas perjalanan cinta muda-mudi anak Bali dengan perkastaan iniii!!! semangat teman2 Balikuu
188,2022-02-01T14:42:03.000Z,"AidilJumadi
@AidilJumadi
Â·
Feb 1, 2022",Pulau Bali dan Lombok masuk ke dalam daftar 10 pulau teratas di Asia berdasarkan Traveler's Choice Award.
189,2022-02-01T14:40:16.000Z,"ğ•»ğ–—ğ–ğ–“ğ–ˆğ–Š ğ•®ğ–†ğ–˜ğ–•ğ–ğ–†ğ–“ î¨€
@kencilii
Â·
Feb 1, 2022","bule kalo mo liburan ke turki itu ibarat bali, murah, tanpa visa, biaya hidup murah, prokes ga ketat, cuma gt case covidnya tinggi."
190,2022-02-01T14:32:13.000Z,"Rina Widowati
@rina_wido
Â·
Feb 1, 2022","Di chat bilang kangen, waktu didatengin ke rumah, kata ibunya baru aja berangkat liburan ke Bali. Emang gitu cewek millenial, kelakuannya sama kayak minyak di superindo. 
#minyakgoreng"
191,2022-02-01T14:24:54.000Z,"abel
@iyainiabell
Â·
Feb 1, 2022","Dan kita kan jg gatauu atlet2 yg lain gimana? keluyuran juga kah skrg atau engga, kita gatau. emg menurut gue salahnya itu, kalo emg bener nyusul ke bali. gaperlu di storyin. sekali lagi, gue gatau itu foto baru atau lama. maaf kalo kalian kecewa sm dia, dia jg ga repost igs itu."
192,2022-02-01T14:11:21.000Z,"abel
@iyainiabell
Â·
Feb 1, 2022","masi postink itu foto lama, tapi kayanya baru. shock kalo beneran di bali"
193,2022-02-01T13:57:01.000Z,"oikawa-san
@tooruuuoikawaa
Â·
Feb 1, 2022",sementara itu ada orang yg awal febuari ini mau buka kawasan wisata bali lahi
194,2022-02-01T13:56:45.000Z,"Munk bali
@munkbali
Â·
Feb 1, 2022","Kalo seperti itu kan lebih bijak Mas, kalau dibilangnya karena main di Bali makanya terjangkit kami jadi agak protes, setelah begini seolah nyalahkan Bali, kami yg hidup disini biasa sja sebelum dan setelah Liga dipindah kesini. Mending bwa pergi Ligamu dari sini 
@BRILiga1"
195,2022-02-01T13:56:25.000Z,"s c u m
@mentalltorture
Â·
Feb 1, 2022","Wow komedi level tinggi.

Kamu jayus ya?? Yang pergi ke bali."
196,2022-02-01T13:53:10.000Z,"Cerita Aceh
@CeritaAceh
Â·
Feb 1, 2022","Bikin wedding party di pantai Aceh, ngikutin orang wedding di pantai Bali.

Dia nggak tau angin pantai Bali gimana, dan angin pantai Aceh macemana.

Pulang wedding minta di kerok satu badan."
197,2022-02-01T13:39:06.000Z,"@Tulisanku
@Tulisankoey
Â·
Feb 1, 2022","Wishlist 2022 : 
1. Punya iPhone 13 512gb ( klo ga iPhone 13 iPhone apapun boleela yg penting 7 keatas)
2. Punya kacamata
3. Pakai skincare
4. Beli pcx mas
5. Liburan ke Bali
6. Nyobain all you can eat bamboo dimsum

Bismillah wishlist nya bisa kewujud semua... Aamiin"
198,2022-02-01T13:38:07.000Z,"aminor
@disudutsana
Â·
Feb 1, 2022","Antara seneng sama bingung dapet lingkungan yg asik banget, cuma jadi ga enak kalo liburan sama party dibayarin sama keluarga om terus.
Feb ini ke Jogja, Mei udah bikin itinerary ke Bali cuma suruh modal tiket PP pribadi"
199,2022-02-01T13:37:45.000Z,"ayaycaptain
@bingungnickname
Â·
Feb 1, 2022","Healing with my future hubie : 
1. Pulau seribu
2. Yogyakarta 
3. Bali
4. Kalimantan, pulau maratua.

Dst."
200,2022-02-01T13:38:07.000Z,"aminor
@disudutsana
Â·
Feb 1, 2022","Antara seneng sama bingung dapet lingkungan yg asik banget, cuma jadi ga enak kalo liburan sama party dibayarin sama keluarga om terus.
Feb ini ke Jogja, Mei udah bikin itinerary ke Bali cuma suruh modal tiket PP pribadi"
201,2022-02-01T13:37:45.000Z,"ayaycaptain
@bingungnickname
Â·
Feb 1, 2022","Healing with my future hubie : 
1. Pulau seribu
2. Yogyakarta 
3. Bali
4. Kalimantan, pulau maratua.

Dst."
202,2022-02-01T13:30:47.000Z,"Aditya Adit
@aaaaadiiit
Â·
Feb 1, 2022","Heran bisa-bisa nya di Bali, padahal Bali adalah tujuan utama turis asing. 
Padahal di Kalimantan atau Papua yang lebih jauh dari keramaian hmmmm"
203,2022-02-01T13:30:35.000Z,"HOBI BALBALAN
@hobibalbalan
Â·
Feb 1, 2022",Foto bapak lupa dimasukkan kakak
204,2022-02-01T13:20:38.000Z,"sara || freetag
@saralezatos
Â·
Feb 1, 2022",Liburannya ke Indonesia ya ke pulau seribu atau raja ampat atau bali atau dll 1
205,2022-02-01T13:01:55.000Z,"ğ“ˆğ“ğ‘’
@hyuckjinji
Â·
Feb 1, 2022",pengen deh bikin narasi dimas ngelamar sena di tepi pantai HAHAHA kan mereka udah pindah ke bali tuh terus inget gaaaaa dulu papanya dimas ngelamar sena gitaran? nah dimas tuh waktu ngelamar sena tuh KAYAK GITU KAYAK ORANG TUANYA </3
206,2022-02-01T12:55:31.000Z,"isdianto DU
@isdianto88
Â·
Feb 1, 2022","belum ada foto itu paling, kyk beberapa waktu lalu"
207,2022-02-01T12:48:58.000Z,"Wiarpiz
@wiar_piz
Â·
Feb 1, 2022",Pulau Dewata Bali merupakan 1 dari 10 pulau paling romantis di dunia. [majalah Travel+Leisure]
208,2022-02-01T12:46:59.000Z,"Nabila
@naabbiillaaf
Â·
Feb 1, 2022","Seharian coba menyibukkan diri, ke salon, cafe dll.. tp tetep aja kepikiran yg lagi trip ke Bali sama org2 kantornya"
209,2022-02-01T12:44:25.000Z,"SOSHIGE
@SOSHIGEsq
Â·
Feb 1, 2022",YoonA memilih Pulau BALI sebagai tempat bulan madunya.
210,2022-02-01T12:43:49.000Z,"ä¼Šèè’‚
@Izzatiijaafar
Â·
Feb 1, 2022","@___JangS
 even you dah pergi bali haritu kot kot nak repeat lagi nanti  ke dah sampai?"
211,2022-02-01T12:42:17.000Z,"zein azhar
@avitzena
Â·
Feb 1, 2022",Ini seperti tempat wisata yg slogannya jogja rasa bali. Padahal kalo mau bali ya mending ke bali daripada bikin jogja rasa bali
212,2022-02-01T12:38:38.000Z,"Mikhylenry
@itsbabyjimin_
Â·
Feb 1, 2022","Ada yg tau au jikook, yg jimin pergi ke bali buat healing trus si jungkook tuh pelukis jadi mereka ketemu pas pameran lukisan si jungkook.... PLISSS YANG TAU, dari kemarin cari2 trus ga ketemu

Kebiasaan habis baca au klo ga di markah, lupa judul"
213,2022-02-01T12:37:02.000Z,"rahmi fitria
@rahmifitria
Â·
Feb 1, 2022","Apakah ini direncanakan pemerintah? Kenapa? Pintu kedatangan dari luarnegeri dengan bangga dibuka. Saat omicron sudah ada di indonesia, krna ada selebriti dr luarnegeri dan yg balik liburan dr bali membawa omicron."
214,2022-02-01T12:32:49.000Z,"jm's gf
@nanaagfs
Â·
Feb 1, 2022","1. untuk bahagiain ortuku
2. untuk biayain sekolah adek-adekku
3. untuk ketemu jaemin di konser dan fansign 
4. untuk liburan ke bali dan jogja 
5. untuk pempek favoritku
6. untuk semua hal yang kucintai dan sayangi
7. takut neraka"
215,2022-02-01T12:31:21.000Z,"May~
@Xjha21X
Â·
Feb 1, 2022","Masih cari liburan panjang kawan~~ ingin staycation, tapi di Bali.. Planning aj dulu, tau berangkat kapan"
216,2022-02-01T12:23:44.000Z,"Sungchan.
@jngsvngchan
Â·
Feb 1, 2022",Gak aneh tapi uto ngajak liburan ke bali??!!
217,2022-02-01T12:09:39.000Z,"á¬³á¬•á¬¸á¬²á­„á¬²á¬œá­„á¬šá¬¬á¬§á¬¶á¬¦á¬¢á¬¶á¬„
@pinatih88
Â·
Feb 1, 2022","klo dah lama di bali apalagi di sanur, atau kuta utamanya tiap hari liat bule tanpa bh di pantai ya biasa aja, apalagi cuma liaf paha dikit  "
218,2022-02-01T12:00:30.000Z,"tans
@jtngrm
Â·
Feb 1, 2022","mulai satu persatu temen-temen IG pada posting hasil PCR nya yang + Covid.

yg emang si sebelumnya gue liat postingannya nongki sana sini, liburan bandung-bali."
219,2022-02-01T11:59:45.000Z,"ğ•°ğ–“ğ–™ğ–Šğ–—ğ–‘ğ–Šğ–‹ğ–™
@badboysbdg_
Â·
Feb 1, 2022","2tahun di tahan2 , meski curi2 untuk keluyuran hingga kemudian para pemangku liga yg diisi rangorang pintar itu memberi jembatan untuk memuaskan hasrat libido keluyuran & bercengkrama dgn turis pendatang, teglen babel2 match tai anying . Why Bali? Bungbulang garut aja atuh ajig"
220,2022-02-01T11:58:56.000Z,"Daniel
@Daniel_d76
Â·
Feb 1, 2022","Ada bule telanjang dada di pantai aja mereka santai, ga ada pelecehan apalagi beginian. Persoalan mindset harus gw akui warga Bali memang jempolan."
221,2022-02-01T11:58:12.000Z,"dd gayung close.
@beomgayung
Â·
Feb 1, 2022",Helow maw nanya ada cudah pernah wisata ke bali dd maw nanya sesuatu
222,2022-02-01T11:57:21.000Z,"ochtend.
@ochtend_
Â·
Feb 1, 2022","Tarian tradisional Bali: tari pendet, rejang, baris, barong, gambuh, kebyar, legong, kecak, joged bumbung, cendrawasih, topeng, janger, sanghyang dedari, wayang wong, puspanjali, manuk rawa, teruna jaya, oleg tamulilingan, belibis, condong, gopala, panyembrama."
223,2022-02-01T11:55:29.000Z,"hai
@kuneteazen
Â·
Feb 1, 2022",don't touch my yang paling penting dalam kehidupan ini adalah untuk berkarya di Indonesia dan Malaysia ni nak pergi mana saja melalui telepon seluler di Indonesia dan Inggris dan Amerika Selatan Pulau Pulau Pulau Pulau Bali di Indonesia sudah mulai terbiasa menggunakan metode ini
224,2022-02-01T11:58:12.000Z,"dd gayung close.
@beomgayung
Â·
Feb 1, 2022",Helow maw nanya ada cudah pernah wisata ke bali dd maw nanya sesuatu
225,2022-02-01T11:57:21.000Z,"ochtend.
@ochtend_
Â·
Feb 1, 2022","Tarian tradisional Bali: tari pendet, rejang, baris, barong, gambuh, kebyar, legong, kecak, joged bumbung, cendrawasih, topeng, janger, sanghyang dedari, wayang wong, puspanjali, manuk rawa, teruna jaya, oleg tamulilingan, belibis, condong, gopala, panyembrama."
226,2022-02-01T11:55:29.000Z,"hai
@kuneteazen
Â·
Feb 1, 2022",don't touch my yang paling penting dalam kehidupan ini adalah untuk berkarya di Indonesia dan Malaysia ni nak pergi mana saja melalui telepon seluler di Indonesia dan Inggris dan Amerika Selatan Pulau Pulau Pulau Pulau Bali di Indonesia sudah mulai terbiasa menggunakan metode ini
227,2022-02-01T11:44:46.000Z,"Gue Kepo MasBuLoh
@GueKepoMasBuLoh
Â·
Feb 1, 2022",Liburan ke Bromo atau ke Bali?
228,2022-02-01T11:40:57.000Z,"aiÂ¹â´
@goldenhawr
Â·
Feb 1, 2022","kalian bosen ga si misalnya ada selebgram/artis gt nge-sg-in pantai Bali? kek kalian ngerasa ""padahal b aja"" gitu ga si???"
229,2022-02-01T11:38:29.000Z,"Ida Basukih
@ib_ost
Â·
Feb 1, 2022",di Bali dah emang gitu wisatanya..... kalau wisata halal itu kayak apa ya?
230,2022-02-01T11:36:03.000Z,"KETTLER
@inong911
Â·
Feb 1, 2022",Hampir saja di Bali & Toba dijadikan wisata halal kan
231,2022-02-01T11:24:22.000Z,"sodaranyaPakRt
@gulalimanisokee
Â·
Feb 1, 2022",Pante Bedugul ato di desa desa gitu pasti ada tempat wisata atau kalo bosen di Bali ke jogja
232,2022-02-01T11:23:30.000Z,"Kyla Jaquen | Void
@Schixzoid
Â·
Feb 1, 2022","| text to 
@ncmcsis
 

: Saya habis kirim kado buat anak Juney
: Ini lagi di pantai
: Boleh nggak saya menetap sebentar di Bali?
: Laporan selesai.

sent."
233,2022-02-01T11:22:01.000Z,"aksa
@PADUKAAKSA
Â·
Feb 1, 2022","aku punya tante gitu orng bali, dia nikah kaya beda apasih namanya kek 'kasta' trus diusir dri rumah nya  pertanyaan nya di bali tuh kentel banget ya budaya gituu??"
234,2022-02-01T11:21:54.000Z,"Lapendos Pademangan
@gonkcil
Â·
Feb 1, 2022",Besok liburan ke Bali ah...
235,2022-02-01T11:05:33.000Z,"Vaani Ariestya Widia
@MissVaany
Â·
Feb 1, 2022","Min gamau pindah aja gitu venue nya jangan di bali, pada colongan liburan.. 
dikasih libur sehari aja pada mabur ke pantai liat bujur.
Pindah ke skalian gt ke aceh kalo ga papua "
236,2022-02-01T11:00:52.000Z,"â‹† abil â‹†
@oneuverse
Â·
Feb 1, 2022",don't touch my heart Will go on the internet klo ini adalah untuk koordinasi dengan pihak lain yang belum sesuai dengan yang lain gimana gess kalo pagi hari ini poo wkwkwk liburan di Bali dan Lombok timur NTB NTT yang no 3 udah ngerjain tugas alinnya jadi jam tangan wanita Casio
237,2022-02-01T10:59:16.000Z,"koyuki
@danhanyasaja
Â·
Feb 1, 2022","sudahi saja di bali island itu, pemaen keenakan liburan dibanding kerja.
jawa adalah opsi!"
238,2022-02-01T10:40:41.000Z,"Real Didhi
@RealDidhi_dD
Â·
Feb 1, 2022",Perihal badai covid Liga 1 kmbali lg ke Pemainnya Yg bandel Gak sadar diri bbrp postingan IG nya malah asik liburan ajak kluarganya asik2 langgar prokes jangan salahkan tmpatnya yg di Bali.bentar kalau liga 1 di hentikan pemain sok triak mau main bola nasibnya tergantung di bola
239,2022-02-01T10:32:07.000Z,"ğ“†©â—¡Ìˆğ“†ª
@_dxko
Â·
Feb 1, 2022","5 hari liburan bareng pacar ke bali. naik bus, kapal, pesawat, dan kereta api dalam satu perjalanan. pengalaman yg sangat berkesan "
240,2022-02-01T10:19:18.000Z,"Hawker of Rhovanion
@quantipian
Â·
Feb 1, 2022","AKhirnya ramailah para orang2 Sudra dari segala penjuru Gresik datang ke Maulana Malik Ibrahim untuk meminta resep ramuan tersebut dan menjadi mualaf. Singkat cerita, para pandita diusir dari Gresik. Dan mungkin itu awal perginya para Brahmana dari pulau Jawa ke Bali. (4-end)"
241,2022-02-01T10:17:46.000Z,"i.Bee KeY
@aditsatrio45
Â·
Feb 1, 2022","Nah kan, kebanyakan tempat wisata di Bali malah keluyuran"
242,2022-02-01T10:13:45.000Z,"mglv_23
@23Mglv
Â·
Feb 1, 2022","Wisata Bali mungkin jadi daya tarik buat pemain-pemain berkeliaran diluar sana, ditambah banyak turis & wisatawan keluar masuk Bali jadi persebaran covidnya juga susah terkendali"
243,2022-02-01T10:10:56.000Z,"halah
@red_maroon_
Â·
Feb 1, 2022","Yang dimaksud wisata kan kedatangan penonton, itu pun kalau ada penonton.
Kalau yang liburan cuma beberapa puluh pemain bola gak ada efeknya.
Berapa duit sih mereka berani jajan?
Di Bali rupiah gak kerasa bos"
244,2022-02-01T09:59:22.000Z,"R.Mildan
@AmethMildan
Â·
Feb 1, 2022",Bali gerbang keluar masuk turis...geus rame politron mah angger weh nu susah mah salerea...meni maksa centralisasi di bali....
245,2022-02-01T09:58:36.000Z,"Wahju Wibowo
@wahju_wibowo
Â·
Feb 1, 2022","Benar, dimana mana jg naik, tp tempat wisata di Bali sangat menggoda iman pemain utk keluar dr sistem bubble setengah hati ini. Plus tentu saja larangan keras keluar hotel, dan hotel tdk bercampur tamu umum. Rumit sih tapi ya demi kesehatan dan kelangsungan kompetisi."
246,2022-02-01T09:55:03.000Z,"panglimatepung
@maspradd
Â·
Feb 1, 2022","Bisa dong, kan di Bali liburan"
247,2022-02-01T09:59:22.000Z,"R.Mildan
@AmethMildan
Â·
Feb 1, 2022",Bali gerbang keluar masuk turis...geus rame politron mah angger weh nu susah mah salerea...meni maksa centralisasi di bali....
248,2022-02-01T09:58:36.000Z,"Wahju Wibowo
@wahju_wibowo
Â·
Feb 1, 2022","Benar, dimana mana jg naik, tp tempat wisata di Bali sangat menggoda iman pemain utk keluar dr sistem bubble setengah hati ini. Plus tentu saja larangan keras keluar hotel, dan hotel tdk bercampur tamu umum. Rumit sih tapi ya demi kesehatan dan kelangsungan kompetisi."
249,2022-02-01T09:55:03.000Z,"panglimatepung
@maspradd
Â·
Feb 1, 2022","Bisa dong, kan di Bali liburan"
250,2022-02-01T09:48:44.000Z,"Hot Brain (Fully Vaccinated)
@Sesa_Opas
Â·
Feb 1, 2022",liburan ke Bali sambil foto-foto tanpa masker saat PPKM menjadi level 3
251,2022-02-01T09:33:39.000Z,"Wahju Wibowo
@wahju_wibowo
Â·
Feb 1, 2022","Sudahi series Bali, wisata disini bikin sistem bubble yg setengah hati itu makin tdk punya wibawa. Utamakan kesehatan dan kelanjutan kompetisi."
252,2022-02-01T09:33:19.000Z,"Dwika F
@dwikaf_
Â·
Feb 1, 2022","Cek aja ig setiap pemain , malah ada yg ajak anak istrinya ke bali buat liburan"
253,2022-02-01T09:31:35.000Z,"@awrichal
Â·
Feb 1, 2022","Bali juga rame turis asing, jadi ga heran kasus covid nya tinggi"
254,2022-02-01T09:30:42.000Z,"Pesona Indonesia
@pesonaindonesia
Â·
Feb 1, 2022","Di kelenteng yang megah ini, Sobat Pesona bisa menjumpai akulturasi budaya Tionghoa dan Hindu Bali, lho! 

Belum lagi kamu juga bisa foto-foto karena lanskap yang ditawarkan sangat oke punya! 

Tempat #DiIndonesiaAja mana yang suasanya mirip seperti ini?"
255,2022-02-01T09:29:57.000Z,"awanmendung
@rahmatsett
Â·
Feb 1, 2022","dah bener maen di jawa, malah di bali. niat liburan emang wkwk"
256,2022-02-01T09:28:22.000Z,"BALI MERDEKA
@bali_merdeka
Â·
Feb 1, 2022","Apa yang terjadi pada warga Bali di pulau lain, dan minimnya perhatian pemerintah membuat Bali ingin Merdeka!"
257,2022-02-01T09:23:46.000Z,"resident sleeper
@gazhaprdn
Â·
Feb 1, 2022",Pindah aja dari Bali. Itu pemain banyak yg sekalian liburan
258,2022-02-01T09:22:20.000Z,"maria agnes
@AhavaRishona
Â·
Feb 1, 2022","aku gak liburan kok, cuma work from Bali ajahhh"
259,2022-02-01T09:12:36.000Z,"ApipPepe
@kuchapippepe
Â·
Feb 1, 2022","nah contoh paling bagus ini, mereka ke pantai ke club yg dimana gw sering ketemu mereka sliweran. mereka yg bawa covid naik disini kami yg disalahkan padahl bali udah jauh menurun dari kopid asu"
260,2022-02-01T09:00:27.000Z,"DipoAN
@DipoNiarto
Â·
Feb 1, 2022","Udah paling bener series selanjutnya pindah tempat aja lg. Bali bukan tempat nyelenggarain liga, cocoknya buat liburan"
261,2022-02-01T08:58:29.000Z,"#robiiday
@vanliferobiiday
Â·
Feb 1, 2022","Bali, orang ke bali di otaknya ya buat liburan, ieu titah mengball  moal kuat Pedro "
262,2022-02-01T08:56:52.000Z,"ğ¤.
@kloveskyu
Â·
Feb 1, 2022",hrky plukan d pantai bali 
263,2022-02-01T08:54:59.000Z,"R. Raihan17
@Raihan10Rizki
Â·
Feb 1, 2022","Bali vibes nya liburan bgt, banyak pemain bikin instastory lagi pada jalan2"
264,2022-02-01T08:48:12.000Z,"arif fikri
@fikri_arif
Â·
Feb 1, 2022","Sangat setuju,keselamatan dan kesehatan para pemain,lbh utama dari hiburan buat wisata.jgn tunggu lama sangat beresiko segera pindah dari Bali.
@APPI_info
 @KemenporaRI
 @PSSI"
265,2022-02-01T08:39:22.000Z,"Wahju Wibowo
@wahju_wibowo
Â·
Feb 1, 2022","Sudahi saja series Bali ini, bawa balik ke Jawa. 3 series klir dr kasus kenapa ini di Bali jd bikin cluster baru. Ya krn vibe liburannya di Bali kuat, mereka akan tergoda utk hangout terus. Beda dg di Jawa, pd males keluar krn jauh dr area wisata."
266,2022-02-01T08:37:40.000Z,"indira
@mutianjay
Â·
Feb 1, 2022","Udh dr bbrp minggu lalu, suka ada reels tentang aktivitas budaya bali gt lewat mulu pdhl gue ga ada follow akun2 bali (balibible dsb)  Guys???? Apakah ini pertanda gue akan di mutasi ke bali??????? Ktanya kan org mau nikah ada aja rejekinya hehe mungkinkah??? Bali i'm coming???"
267,2022-02-01T08:37:25.000Z,"â„˜É›â„˜
@josefhpep
Â·
Feb 1, 2022","jangan cuma match ini yang ditunda tapi liganya tunda buat sementara! evaluasi, sistem bubble tapi pemain pada serasa lagi liburan kalo main di bali tuh, cik atuh ah mikir sa tehhh"
268,2022-02-01T08:35:43.000Z,"Doubutsuen
@dekkknho
Â·
Feb 1, 2022","dari seri di solo uda ga masuk akal pada kelayapan semua, apalagi di bali, kesana kan liburan bukan kompetisi"
269,2022-02-01T08:34:59.000Z,"M.Andhy yusuf
@andyyusuf22
Â·
Feb 1, 2022",Harga Hotel Karantina Turis Asing di Bali Sekitar Rp12 Juta
270,2022-02-01T08:29:54.000Z,"nasakom perjuangan
@alatif03921286
Â·
Feb 1, 2022","tapi sayang Bali sudah tak seperti dulu, turis pada gak mau datang, akibat kebijakan yg gak jelas. mereka juga takut kaleee jadi tumbal, yg datang paling TKA china."
271,2022-02-01T08:37:25.000Z,"â„˜É›â„˜
@josefhpep
Â·
Feb 1, 2022","jangan cuma match ini yang ditunda tapi liganya tunda buat sementara! evaluasi, sistem bubble tapi pemain pada serasa lagi liburan kalo main di bali tuh, cik atuh ah mikir sa tehhh"
272,2022-02-01T08:35:43.000Z,"Doubutsuen
@dekkknho
Â·
Feb 1, 2022","dari seri di solo uda ga masuk akal pada kelayapan semua, apalagi di bali, kesana kan liburan bukan kompetisi"
273,2022-02-01T08:34:59.000Z,"M.Andhy yusuf
@andyyusuf22
Â·
Feb 1, 2022",Harga Hotel Karantina Turis Asing di Bali Sekitar Rp12 Juta
274,2022-02-01T08:29:54.000Z,"nasakom perjuangan
@alatif03921286
Â·
Feb 1, 2022","tapi sayang Bali sudah tak seperti dulu, turis pada gak mau datang, akibat kebijakan yg gak jelas. mereka juga takut kaleee jadi tumbal, yg datang paling TKA china."
275,2022-02-01T08:00:14.000Z,"SUROBOYOFESS
@sbyfess
Â·
Feb 1, 2022",-rek kalo liburan ke bali deket2 ini menurutmu pilihan yg bijak gak ya? Aku galau
276,2022-02-01T07:47:05.000Z,"Maldini
@GodBless_08
Â·
Feb 1, 2022",Udh dibilang jangan buat di Bali. Bali tempat liburan bukan tempat kompetisi liga 1. Pindah kan aja venue nya ke Jawa lagi seperti series 1 kemarin
277,2022-02-01T07:42:12.000Z,"Langgeng Wiratama
@Langx_Wiratama
Â·
Feb 1, 2022","Masih maksa di Bali? Pindah aja dulu kenapa.. 
maaf bukan salah balinya.. tapi Bali mengundang oemain pemain untuk liburan jalan jalan.."
278,2022-02-01T07:37:57.000Z,"Dania Maleficent
@fheejab
Â·
Feb 1, 2022","Pindahin ke Pulau Jawa lg, jangan di Bali."
279,2022-02-01T07:37:52.000Z,"Edooo
@edoo1808
Â·
Feb 1, 2022","Giliran ga ada kompetisi, pemain teriak2. Diadain kompetisi, di Bali pula ehh pemain ga taat prokes malah liburan, nongkrong2 di beach club, dll "
280,2022-02-01T07:29:37.000Z,"ãƒª
@Ridzki_Sutek
Â·
Feb 1, 2022","Banyak pemain dari tim liga 1 terpapar covid, ada berita DPRD Bali minta Liga 1 diberhentikan, aku setuju sih diberhentikan dulu beberapa hari untuk pindah homebase, karena di Bali udah ga aman. Plis pindah homebase aja, balikin ke pulau Jawa."
281,2022-02-01T07:28:24.000Z,"BALI MERDEKA
@bali_merdeka
Â·
Feb 1, 2022","Biarlah Bali bukan pulau yang besar, tapi rakyat Bali selalu bersatu. Melindungi dan menjaga Bali! Merdeka!"
282,2022-02-01T07:19:05.000Z,"D_vieArt
@DvieArtMarshall
Â·
Feb 1, 2022","Gera aruih lah...tos cekap ""liburan"" di Bali na..."
283,2022-02-01T07:17:47.000Z,"denahi
@desakann
Â·
Feb 1, 2022","Ky nya bkn masalah bubble, tapi udah kebanyakn touris2 Asing yg bawa virus, bali kan pulau kecil semua 1 pulau tmpat piknik, dintambah 18 tim numplek di bali"
284,2022-02-01T07:13:46.000Z,"Laila Dimyati
@lailadimyati
Â·
Feb 1, 2022",Bali honey single origin? Ya itu yang aku foto
285,2022-02-01T07:10:03.000Z,"Iman Amiq
@ImanAmiq
Â·
Feb 1, 2022","Tujuan main di Bali kan untuk memulihkan pariwisata Bali katanya.
Ya pemain pasti wisata dong sebagai Salah satu bentuk kontribusi nya hahaha."
286,2022-02-01T07:09:27.000Z,"aldy
@lomalaksana
Â·
Feb 1, 2022","Balik jawa lagi yu, biar gapada liburan. Hawa liburannya kenceng klo di bali meskipun lagi kerja juga"
287,2022-02-01T07:07:03.000Z,"-fii
@vitaminbiruu
Â·
Feb 1, 2022",godaan pulau Bali
288,2022-02-01T06:59:22.000Z,"BADARAWUHI
@Badarawuhi_nur
Â·
Feb 1, 2022","Kepengen ke ancol deh.. bengong bengong bego sambil liat pantai duh.. 

Mau ke bali tapi ekonomi belom stabil ya bun.. "
289,2022-02-01T06:48:59.000Z,"aMd
@AhmadBIVB_
Â·
Feb 1, 2022","Gelaran Liga Venue di Bali Covid melonjak,  ga ada rencana di pindahin lagi ke pulau jawa kah?"
290,2022-02-01T06:46:45.000Z,"MHN
@Haidarnabil22
Â·
Feb 1, 2022","Maksa banget di bali, terlalu banyat tempat liburan jadinya pemainya tergoda hawa nafsu untuk jalan2 dan sistem bubble yg gak bubble dari pssi bikin banyak kasus covid kayak gini. Mending balik jawa atau kalimantan yg tempat liburanya dikit"
291,2022-02-01T06:40:13.000Z,"ğ™‰ğ™šğ™œğ™–ğ™£
@Fajarramdani100
Â·
Feb 1, 2022","pindah aje udah series 4 kagak usah di bali, bali itu tempat liburan bukan tempat maen bola. Ide siapa sih anying"
292,2022-02-01T06:37:01.000Z,"ripki.
@ripkimochi
Â·
Feb 1, 2022","Dari awal penunjukan bali aja udah banyak polemik. Selain infrastruktur,pemain juga merasa 'liburan' sambil kompetisi"
293,2022-02-01T06:15:48.000Z,"Rajatrip.com
@raja_trip
Â·
Feb 1, 2022","Paket Liburan ke Bali, Kuala Lumpur, Singapore, Bangkok, Hong Kong mulai dari 1,7jt/orang !! Contact Us : BBM : 746826BB"
294,2022-02-01T06:15:05.000Z,"Samong
@lordsamong
Â·
Feb 1, 2022","Sama kaya harga warung biasa dan cafe fancy di tempat wisata Bali daratan, tinggal sesuaikan dengan isi dompet."
295,2022-02-01T05:44:48.000Z,"claraaaa
@keisyaclar
Â·
Feb 1, 2022",iya liburan di bali kan banyak tempat wisata banyak keindahan alam dari pantai gunung pura dll
296,2022-02-01T06:46:45.000Z,"MHN
@Haidarnabil22
Â·
Feb 1, 2022","Maksa banget di bali, terlalu banyat tempat liburan jadinya pemainya tergoda hawa nafsu untuk jalan2 dan sistem bubble yg gak bubble dari pssi bikin banyak kasus covid kayak gini. Mending balik jawa atau kalimantan yg tempat liburanya dikit"
297,2022-02-01T06:40:13.000Z,"ğ™‰ğ™šğ™œğ™–ğ™£
@Fajarramdani100
Â·
Feb 1, 2022","pindah aje udah series 4 kagak usah di bali, bali itu tempat liburan bukan tempat maen bola. Ide siapa sih anying"
298,2022-02-01T06:37:01.000Z,"ripki.
@ripkimochi
Â·
Feb 1, 2022","Dari awal penunjukan bali aja udah banyak polemik. Selain infrastruktur,pemain juga merasa 'liburan' sambil kompetisi"
299,2022-02-01T06:15:48.000Z,"Rajatrip.com
@raja_trip
Â·
Feb 1, 2022","Paket Liburan ke Bali, Kuala Lumpur, Singapore, Bangkok, Hong Kong mulai dari 1,7jt/orang !! Contact Us : BBM : 746826BB"
300,2022-02-01T06:15:05.000Z,"Samong
@lordsamong
Â·
Feb 1, 2022","Sama kaya harga warung biasa dan cafe fancy di tempat wisata Bali daratan, tinggal sesuaikan dengan isi dompet."
301,2022-02-01T05:44:48.000Z,"claraaaa
@keisyaclar
Â·
Feb 1, 2022",iya liburan di bali kan banyak tempat wisata banyak keindahan alam dari pantai gunung pura dll
302,2022-02-01T05:31:34.000Z,"Lucifer 2.0
@morninstarrrrr
Â·
Feb 1, 2022","nang Bali yo liburan seh nder ngono ae takok, mosok berburu ubur ubur?"
303,2022-02-01T05:20:44.000Z,"gia aryyaguna
@giageegio
Â·
Feb 1, 2022","mas agung pindah ke bali, artinya tempat keluh-kesah dan pendengar cerita absurd selama perjalanan hilang lagi 1"
304,2022-02-01T05:03:48.000Z,"R.Mildan
@AmethMildan
Â·
Feb 1, 2022",Emg harus ya homebase nya di bali yg notabene zona bebas turis...
305,2022-02-01T04:29:22.000Z,"mskyyar
@mskyyar
Â·
Feb 1, 2022",Dan bisa pergi ke bali~~
306,2022-02-01T04:22:44.000Z,"Bendera Putih
@Faridfhmi_
Â·
Feb 1, 2022",Ke bali cuma buat liburan?
307,2022-02-01T04:10:59.000Z,"bahaijan
@fahimmasri
Â·
Feb 1, 2022",Haritu masa kes covid nak ada dia cancel pergi bali. Burn tiket kapal dgn penginapan 4 hari. Nasib skrg dia dah x nk ke luar negara. Kalau tak dah merata pergi. Maybe eropah pulak
308,2022-02-01T03:59:21.000Z,"Yon Kou | Chapter 1072
@Febry_Ardyana
Â·
Feb 1, 2022","Bali aman? Lha itu ada bom tahun 2001. Hancur pariwisatanya bertahun tahun karena turis takut masuk
Hehehehe analogi lu busuk bawa bawa syariah segala macem"
309,2022-02-01T03:57:20.000Z,"GIVEAWAY MERCH CEK PIN
@schfess
Â·
Feb 1, 2022","SchApp! halo, maaf aku mau nanya. disini ada yang kuliah jurusan pendidikan seni tari engga ya? di pendidikan seni tari belajar apa aja ya? terus, masuknya pakai nilai juga atau cuma portofolio aja? btw, basic aku tari bali, kira kira bisa ngga ya :( makasih yang udah mau jawabb"
310,2022-02-01T03:56:25.000Z,"febot
@wonuaxis
Â·
Feb 1, 2022",liburan ke bali contohny
311,2022-02-01T03:46:14.000Z,"TIDAK MELAYANI PNP
@4cTuGasSenayan
Â·
Feb 1, 2022","Client asu maen reschedule sesuka jidat ajg alesan mo liburan ke bali, dikira gw gk ada kerjain lain apa"
312,2022-02-01T03:39:11.000Z,"putrri
@putr1_s
Â·
Feb 1, 2022","Bali memiliki situs arkeologi bersejarah mirip Petra di Jordania selatan, yaitu situs Candi Gunung Kawi."
313,2022-02-01T03:37:23.000Z,"Jerry Kurniawan
@jerkuy
Â·
Feb 1, 2022",Gw mimpi mau pergi ke bali dan padahal gw lgi di pesawatâ€¦ pas kebangun anjir itu semua hanyalah mimpi belaka
314,2022-02-01T03:32:59.000Z,"dee
@noturthv
Â·
Feb 1, 2022","ya gimana ya hasil cuan nya banyak kak, bisa buat liburan ke bali"
315,2022-02-01T03:14:35.000Z,"lagi staycation
@beristirahatdua
Â·
Feb 1, 2022","Gini babe, depresimu tidak akan hilang dengan km pindah ke Bali dengan tajuk ""mencari ketentraman di pulau dewata"" a.k.a healing healing bambu... staycation murah di seminyak~

Aku yg dari lahir sudah di Bali, ketika depresi harus pindah kemana ??? "
316,2022-02-01T03:03:44.000Z,"valerie
@valley_rie
Â·
Feb 1, 2022",liburan di bali enak kayaknya :(
317,2022-02-01T03:02:18.000Z,"NIVEA Indonesia
@NIVEA_ID
Â·
Feb 1, 2022","  Liburan ke Bali dibayarin NIVEA untuk 10 pemenang
 Samsonite Red x BTS Waistbag untuk 30 pemenang 
 Travel voucher senilai 350 ribu rupiah untuk 150 pemenang
 
Jangan sampai ketinggalan ;) #EnjoyTheSun #ItsTimeToBali"
318,2022-02-01T02:28:18.000Z,"RIF
@rifatulwidaadkt
Â·
Feb 1, 2022",Tahun ini harus pergi ke Bali udah berapa tahun gak kesampaian 
319,2022-02-01T02:03:59.000Z,"Viant
@v1antt
Â·
Feb 1, 2022","liburan ke bali sama keluarga 
liburan ke bali sama pacar
liburan ke bali sama mantan"
320,2022-02-01T01:42:55.000Z,"Info Madura
@InfoMadura3
Â·
Feb 1, 2022","Pulau Madura besarnya kurang lebih 5.168 km2 (lebih kecil daripada pulau Bali), dengan penduduk hampir 4 juta jiwa."
321,2022-02-01T03:02:18.000Z,"NIVEA Indonesia
@NIVEA_ID
Â·
Feb 1, 2022","  Liburan ke Bali dibayarin NIVEA untuk 10 pemenang
 Samsonite Red x BTS Waistbag untuk 30 pemenang 
 Travel voucher senilai 350 ribu rupiah untuk 150 pemenang
 
Jangan sampai ketinggalan ;) #EnjoyTheSun #ItsTimeToBali"
322,2022-02-01T02:28:18.000Z,"RIF
@rifatulwidaadkt
Â·
Feb 1, 2022",Tahun ini harus pergi ke Bali udah berapa tahun gak kesampaian 
323,2022-02-01T02:03:59.000Z,"Viant
@v1antt
Â·
Feb 1, 2022","liburan ke bali sama keluarga 
liburan ke bali sama pacar
liburan ke bali sama mantan"
324,2022-02-01T01:42:55.000Z,"Info Madura
@InfoMadura3
Â·
Feb 1, 2022","Pulau Madura besarnya kurang lebih 5.168 km2 (lebih kecil daripada pulau Bali), dengan penduduk hampir 4 juta jiwa."
325,2022-02-01T01:37:01.000Z,"Amiii
@someby_by
Â·
Feb 1, 2022",You really should jalan2 ke banyak tempat yg bukan destinasi wisata aja. Bakal keliatan normal life pd umumnya. This is my unpopular opinion and I bet orang2 masih pngen tinggal di Bali 
326,2022-02-01T01:35:16.000Z,"Amiii
@someby_by
Â·
Feb 1, 2022","I live in Bali and still depressed somehow. Lama2 bali kayak yg lain cm arsitektur rumahnya beda kl di pedesaan. Udh masuk kota sama aja, mall, cafe aesthetic, ace hardware, mr diy, dll. Daerah wisata emg banyak. Tp kayak dunia yg terpisah dg kehidupan sehari2. Susah jelasinnya."
327,2022-02-01T01:25:28.000Z,"Gia
@shabrina_kh
Â·
Feb 1, 2022","â€œalhamdulillah kap, gw gajadi pcr dehâ€
padahal mo pergi lagi ke bali ckckck"
328,2022-02-01T01:04:26.000Z,"by
@bluebaemin
Â·
Feb 1, 2022","kapan2 ke bali kak misal udah rada reda kasus cvd nya :"""" seru di bali buat ke pantai sm kulineran"
329,2022-02-01T00:57:12.000Z,"Hdyokt
@hdyokt10
Â·
Feb 1, 2022","Bisa dicoba kalau perjalanan ke Bali ini wkw 
Karya wisata bersama juragan 99 "
330,2022-02-01T00:40:13.000Z,"halo servis
@laptopnyakak
Â·
Feb 1, 2022",Bali pulau surga is overrated
331,2022-02-01T03:02:18.000Z,"NIVEA Indonesia
@NIVEA_ID
Â·
Feb 1, 2022","  Liburan ke Bali dibayarin NIVEA untuk 10 pemenang
 Samsonite Red x BTS Waistbag untuk 30 pemenang 
 Travel voucher senilai 350 ribu rupiah untuk 150 pemenang
 
Jangan sampai ketinggalan ;) #EnjoyTheSun #ItsTimeToBali"
332,2022-02-01T02:28:18.000Z,"RIF
@rifatulwidaadkt
Â·
Feb 1, 2022",Tahun ini harus pergi ke Bali udah berapa tahun gak kesampaian 
333,2022-02-01T02:03:59.000Z,"Viant
@v1antt
Â·
Feb 1, 2022","liburan ke bali sama keluarga 
liburan ke bali sama pacar
liburan ke bali sama mantan"
334,2022-02-01T01:42:55.000Z,"Info Madura
@InfoMadura3
Â·
Feb 1, 2022","Pulau Madura besarnya kurang lebih 5.168 km2 (lebih kecil daripada pulau Bali), dengan penduduk hampir 4 juta jiwa."
335,2022-02-01T01:37:01.000Z,"Amiii
@someby_by
Â·
Feb 1, 2022",You really should jalan2 ke banyak tempat yg bukan destinasi wisata aja. Bakal keliatan normal life pd umumnya. This is my unpopular opinion and I bet orang2 masih pngen tinggal di Bali 
336,2022-02-01T01:35:16.000Z,"Amiii
@someby_by
Â·
Feb 1, 2022","I live in Bali and still depressed somehow. Lama2 bali kayak yg lain cm arsitektur rumahnya beda kl di pedesaan. Udh masuk kota sama aja, mall, cafe aesthetic, ace hardware, mr diy, dll. Daerah wisata emg banyak. Tp kayak dunia yg terpisah dg kehidupan sehari2. Susah jelasinnya."
337,2022-02-01T01:25:28.000Z,"Gia
@shabrina_kh
Â·
Feb 1, 2022","â€œalhamdulillah kap, gw gajadi pcr dehâ€
padahal mo pergi lagi ke bali ckckck"
338,2022-02-01T01:04:26.000Z,"by
@bluebaemin
Â·
Feb 1, 2022","kapan2 ke bali kak misal udah rada reda kasus cvd nya :"""" seru di bali buat ke pantai sm kulineran"
339,2022-02-01T00:57:12.000Z,"Hdyokt
@hdyokt10
Â·
Feb 1, 2022","Bisa dicoba kalau perjalanan ke Bali ini wkw 
Karya wisata bersama juragan 99 "
340,2022-02-01T00:40:13.000Z,"halo servis
@laptopnyakak
Â·
Feb 1, 2022",Bali pulau surga is overrated
341,2022-02-01T03:02:18.000Z,"NIVEA Indonesia
@NIVEA_ID
Â·
Feb 1, 2022","  Liburan ke Bali dibayarin NIVEA untuk 10 pemenang
 Samsonite Red x BTS Waistbag untuk 30 pemenang 
 Travel voucher senilai 350 ribu rupiah untuk 150 pemenang
 
Jangan sampai ketinggalan ;) #EnjoyTheSun #ItsTimeToBali"
342,2022-02-01T02:28:18.000Z,"RIF
@rifatulwidaadkt
Â·
Feb 1, 2022",Tahun ini harus pergi ke Bali udah berapa tahun gak kesampaian 
343,2022-02-01T02:03:59.000Z,"Viant
@v1antt
Â·
Feb 1, 2022","liburan ke bali sama keluarga 
liburan ke bali sama pacar
liburan ke bali sama mantan"
344,2022-02-01T01:42:55.000Z,"Info Madura
@InfoMadura3
Â·
Feb 1, 2022","Pulau Madura besarnya kurang lebih 5.168 km2 (lebih kecil daripada pulau Bali), dengan penduduk hampir 4 juta jiwa."
345,2022-02-01T01:37:01.000Z,"Amiii
@someby_by
Â·
Feb 1, 2022",You really should jalan2 ke banyak tempat yg bukan destinasi wisata aja. Bakal keliatan normal life pd umumnya. This is my unpopular opinion and I bet orang2 masih pngen tinggal di Bali 
346,2022-02-01T01:35:16.000Z,"Amiii
@someby_by
Â·
Feb 1, 2022","I live in Bali and still depressed somehow. Lama2 bali kayak yg lain cm arsitektur rumahnya beda kl di pedesaan. Udh masuk kota sama aja, mall, cafe aesthetic, ace hardware, mr diy, dll. Daerah wisata emg banyak. Tp kayak dunia yg terpisah dg kehidupan sehari2. Susah jelasinnya."
347,2022-02-01T01:25:28.000Z,"Gia
@shabrina_kh
Â·
Feb 1, 2022","â€œalhamdulillah kap, gw gajadi pcr dehâ€
padahal mo pergi lagi ke bali ckckck"
348,2022-02-01T01:04:26.000Z,"by
@bluebaemin
Â·
Feb 1, 2022","kapan2 ke bali kak misal udah rada reda kasus cvd nya :"""" seru di bali buat ke pantai sm kulineran"
349,2022-02-01T00:57:12.000Z,"Hdyokt
@hdyokt10
Â·
Feb 1, 2022","Bisa dicoba kalau perjalanan ke Bali ini wkw 
Karya wisata bersama juragan 99 "
350,2022-02-01T00:40:13.000Z,"halo servis
@laptopnyakak
Â·
Feb 1, 2022",Bali pulau surga is overrated
351,2022-02-01T03:02:18.000Z,"NIVEA Indonesia
@NIVEA_ID
Â·
Feb 1, 2022","  Liburan ke Bali dibayarin NIVEA untuk 10 pemenang
 Samsonite Red x BTS Waistbag untuk 30 pemenang 
 Travel voucher senilai 350 ribu rupiah untuk 150 pemenang
 
Jangan sampai ketinggalan ;) #EnjoyTheSun #ItsTimeToBali"
352,2022-02-01T02:28:18.000Z,"RIF
@rifatulwidaadkt
Â·
Feb 1, 2022",Tahun ini harus pergi ke Bali udah berapa tahun gak kesampaian 
353,2022-02-01T02:03:59.000Z,"Viant
@v1antt
Â·
Feb 1, 2022","liburan ke bali sama keluarga 
liburan ke bali sama pacar
liburan ke bali sama mantan"
354,2022-02-01T01:42:55.000Z,"Info Madura
@InfoMadura3
Â·
Feb 1, 2022","Pulau Madura besarnya kurang lebih 5.168 km2 (lebih kecil daripada pulau Bali), dengan penduduk hampir 4 juta jiwa."
355,2022-02-01T01:37:01.000Z,"Amiii
@someby_by
Â·
Feb 1, 2022",You really should jalan2 ke banyak tempat yg bukan destinasi wisata aja. Bakal keliatan normal life pd umumnya. This is my unpopular opinion and I bet orang2 masih pngen tinggal di Bali 
356,2022-02-01T01:35:16.000Z,"Amiii
@someby_by
Â·
Feb 1, 2022","I live in Bali and still depressed somehow. Lama2 bali kayak yg lain cm arsitektur rumahnya beda kl di pedesaan. Udh masuk kota sama aja, mall, cafe aesthetic, ace hardware, mr diy, dll. Daerah wisata emg banyak. Tp kayak dunia yg terpisah dg kehidupan sehari2. Susah jelasinnya."
357,2022-02-01T01:25:28.000Z,"Gia
@shabrina_kh
Â·
Feb 1, 2022","â€œalhamdulillah kap, gw gajadi pcr dehâ€
padahal mo pergi lagi ke bali ckckck"
358,2022-02-01T01:04:26.000Z,"by
@bluebaemin
Â·
Feb 1, 2022","kapan2 ke bali kak misal udah rada reda kasus cvd nya :"""" seru di bali buat ke pantai sm kulineran"
359,2022-02-01T00:57:12.000Z,"Hdyokt
@hdyokt10
Â·
Feb 1, 2022","Bisa dicoba kalau perjalanan ke Bali ini wkw 
Karya wisata bersama juragan 99 "
360,2022-02-01T00:40:13.000Z,"halo servis
@laptopnyakak
Â·
Feb 1, 2022",Bali pulau surga is overrated
